agent_id,question_id,answer_text,agent_name,dept,position,dept_id,pattern_id
0,Q01,It is straightforward to inquire with Yamamoto-san when uncertainty arises regarding my role.,Sato,Superhero Game Planning,General Member,0,4
0,Q02,"I can communicate my opinions regarding work issues directly with my team leader, with a preference for structured discussion to ensure clarity and progress.",Sato,Superhero Game Planning,General Member,0,4
0,Q03,"I feel quite comfortable speaking openly about team disagreements to our leader, as constructive dialogue advances project clarity.",Sato,Superhero Game Planning,General Member,0,4
0,Q04,I feel a genuine freedom to voice recommendations and ideas for new projects or changes in procedures to our team leader.,Sato,Superhero Game Planning,General Member,0,4
0,Q05,I would feel somewhat apprehensive speaking up about a mistake to my team leader.,Sato,Superhero Game Planning,General Member,0,4
0,Q06,I would feel a degree of unease speaking up to my team leader about a colleague's mistake.,Sato,Superhero Game Planning,General Member,0,4
0,Q07,My input is frequently valued and actively incorporated by my team leader when I express my thoughts and opinions.,Sato,Superhero Game Planning,General Member,0,4
0,Q08,"Yamamoto-san's encouragement for broad exploration of ideas presents a unique opportunity for departmental synergy, though it requires mindful navigation to maintain developmental focus.",Sato,Superhero Game Planning,General Member,0,4
0,Q09,"Yamamoto-san demonstrates a dependable dedication to fostering an inclusive environment and harnessing collective energy, which positively positions her as a supportive advocate.",Sato,Superhero Game Planning,General Member,0,4
0,Q10,It is quite easy to ask my peers when I have questions or require clarification concerning my role.,Sato,Superhero Game Planning,General Member,0,4
0,Q11,"I communicate my work-related opinions with my peers with a high degree of openness, provided the discussion is focused on substantive development.",Sato,Superhero Game Planning,General Member,0,4
0,Q12,"I maintain a reserved approach regarding personal matters with colleagues, preferring to keep such discussions within a professional scope.",Sato,Superhero Game Planning,General Member,0,4
0,Q13,"I feel comfortable sharing my perspectives with my peers, though I approach recommendations with a desire for structured elaboration.",Sato,Superhero Game Planning,General Member,0,4
0,Q14,"I would feel reasonably comfortable sharing any errors with my colleagues, as our team operates with a strong undercurrent of mutual respect and understanding.",Sato,Superhero Game Planning,General Member,0,4
0,Q15,"I would feel quite comfortable addressing a colleague's error directly, aiming for a constructive resolution.",Sato,Superhero Game Planning,General Member,0,4
0,Q16,My contributions are generally well-received and considered by my peers.,Sato,Superhero Game Planning,General Member,0,4
0,Q17,It is very challenging to solicit assistance from colleagues when the focus must remain precisely on the defined objectives.,Sato,Superhero Game Planning,General Member,0,4
0,Q18,"People maintain a decent level of information sharing, though occasionally discussions could benefit from more directed focus.",Sato,Superhero Game Planning,General Member,0,4
0,Q19,"The attempts to share information across the team currently possess a significant measure of superficiality, risking a dilution of focused progress.",Sato,Superhero Game Planning,General Member,0,4
0,Q20,Our team demonstrates a strong alignment concerning performance objectives.,Sato,Superhero Game Planning,General Member,0,4
0,Q21,I perceive a notable divergence between the current departmental approach and the precise execution required for our project's advancement.,Sato,Superhero Game Planning,General Member,0,4
0,Q22,My teammates possess aspirations that largely align with driving the team towards a heightened level of performance.,Sato,Superhero Game Planning,General Member,0,4
0,Q23,"The opportunities provided by this team to improve my personal performance are sufficient, with avenues for further refinement.",Sato,Superhero Game Planning,General Member,0,4
1,Q01,Seeking clarification from my team leader feels like a straightforward process.,Suzuki,Superhero Game Planning,General Member,0,4
1,Q02,I can communicate my opinions about work issues with my team leader with a feeling of open collaboration.,Suzuki,Superhero Game Planning,General Member,0,4
1,Q03,"I feel completely at ease discussing personal issues or disagreements with my team leader, as their insightful feedback always proves beneficial.",Suzuki,Superhero Game Planning,General Member,0,4
1,Q04,"I feel adequately empowered to voice my recommendations and ideas for new projects or procedural adjustments to my team leader, as the established framework encourages clear articulation of foundational concepts before broader consultation.",Suzuki,Superhero Game Planning,General Member,0,4
1,Q05,"I would feel quite secure expressing a mistake to my team leader, knowing my contributions are valued.",Suzuki,Superhero Game Planning,General Member,0,4
1,Q06,"I would feel comfortable speaking directly to my team leader if I observed a colleague's error, as a constructive conversation is always beneficial for improvement.",Suzuki,Superhero Game Planning,General Member,0,4
1,Q07,"My input feels well-received by the team, fostering a sense of shared development.",Suzuki,Superhero Game Planning,General Member,0,4
1,Q08,My team leader offers ample encouragement for exploring new responsibilities and acquiring novel skills.,Suzuki,Superhero Game Planning,General Member,0,4
1,Q09,"Takahashi-san provides a dependable foundation for addressing concerns, making him a reliable advocate within the company.",Suzuki,Superhero Game Planning,General Member,0,4
1,Q10,It is quite easy to seek clarification from colleagues on matters pertinent to my role.,Suzuki,Superhero Game Planning,General Member,0,4
1,Q11,"I will communicate my work opinions directly, focusing on clarity and positive collaboration.",Suzuki,Superhero Game Planning,General Member,0,4
1,Q12,I maintain a professional distance regarding personal matters with my peers.,Suzuki,Superhero Game Planning,General Member,0,4
1,Q13,"I feel quite free to offer recommendations and ideas to my peers, as our team culture supports a robust exchange of thoughts.",Suzuki,Superhero Game Planning,General Member,0,4
1,Q14,I would feel very confident raising concerns about any missteps to my colleagues.,Suzuki,Superhero Game Planning,General Member,0,4
1,Q15,I feel perfectly comfortable addressing a colleague directly when I notice an oversight.,Suzuki,Superhero Game Planning,General Member,0,4
1,Q16,My contributions are consistently recognized and integrated into the team's direction.,Suzuki,Superhero Game Planning,General Member,0,4
1,Q17,Engaging other team members for assistance presents a valuable opportunity for collaborative problem-solving.,Suzuki,Superhero Game Planning,General Member,0,4
1,Q18,"We maintain a solid understanding of each other's work through focused, sequential discussions.",Suzuki,Superhero Game Planning,General Member,0,4
1,Q19,"The current information sharing structure demonstrates a promising balance, avoiding an overly superficial exchange while also not being entirely deep.",Suzuki,Superhero Game Planning,General Member,0,4
1,Q20,"Our team's unity in pursuit of performance goals is quite robust, with a strong inclination towards shared understanding and collaborative progress.",Suzuki,Superhero Game Planning,General Member,0,4
1,Q21,"I am pleased with our team's dedication to the task, finding it truly commendable.",Suzuki,Superhero Game Planning,General Member,0,4
1,Q22,"Takahashi-san's structured approach complements my intuitive spark, and Sato-san's critical input will certainly enhance our initial vision for ""Aftermath Heroes,"" creating a robust foundation for the project.",Suzuki,Superhero Game Planning,General Member,0,4
1,Q23,The current team structure offers a sufficient framework for refining individual contributions.,Suzuki,Superhero Game Planning,General Member,0,4
2,Q01,"Collaborating with Suzuki on the core philosophy statement is an excellent first step, and his input makes the subsequent refinement with Sato a very manageable process.",Takahashi,Superhero Game Planning,General Member,0,4
2,Q02,"I communicate my opinions openly with my team leader, finding common ground to establish a strong foundation for our projects.",Takahashi,Superhero Game Planning,General Member,0,4
2,Q03,"I feel quite at ease discussing personal challenges or disagreements with my team leader, as their guidance is consistently valuable.",Takahashi,Superhero Game Planning,General Member,0,4
2,Q04,"I feel quite free to offer recommendations and ideas to my team leader, as the collaborative approach with Suzuki and the subsequent review by Sato create a supportive environment for suggestions.",Takahashi,Superhero Game Planning,General Member,0,4
2,Q05,"I would feel entirely comfortable discussing any errors with my team leader, as I value their guidance for improvement.",Takahashi,Superhero Game Planning,General Member,0,4
2,Q06,"I would feel completely secure in addressing a colleague's mistake with the team leader, as transparency ensures project integrity.",Takahashi,Superhero Game Planning,General Member,0,4
2,Q07,"My input feels genuinely appreciated by my team leader, especially when it aligns with our collaborative vision for the project.",Takahashi,Superhero Game Planning,General Member,0,4
2,Q08,My team leader offers me ample opportunity to explore novel responsibilities and acquire new proficiencies.,Takahashi,Superhero Game Planning,General Member,0,4
2,Q09,"My team leader, Yamamoto-san, possesses a thorough approach that ensures all concerns are addressed with meticulous attention.",Takahashi,Superhero Game Planning,General Member,0,4
2,Q10,"Engaging with colleagues for clarification presents a smooth pathway, as I find their collective insights remarkably beneficial for navigating complexities.",Takahashi,Superhero Game Planning,General Member,0,4
2,Q11,"I communicate my opinions about work issues with my peers with genuine openness, as shared understanding is paramount.",Takahashi,Superhero Game Planning,General Member,0,4
2,Q12,I find it agreeable to share personal matters with my colleagues.,Takahashi,Superhero Game Planning,General Member,0,4
2,Q13,"I feel genuinely unhindered when proposing recommendations or new ideas to my peers, finding it a truly open environment for collaborative input.",Takahashi,Superhero Game Planning,General Member,0,4
2,Q14,I would feel quite comfortable expressing my thoughts to my peers even if I have made a mistake.,Takahashi,Superhero Game Planning,General Member,0,4
2,Q15,"I would feel quite comfortable raising a concern with a colleague if I observed an error, knowing that open communication benefits the project's success.",Takahashi,Superhero Game Planning,General Member,0,4
2,Q16,"I perceive my contributions as largely influential when I articulate them, especially with Suzuki's consistent affirmation.",Takahashi,Superhero Game Planning,General Member,0,4
2,Q17,Seeking assistance from my colleagues is a straightforward process that yields beneficial outcomes.,Takahashi,Superhero Game Planning,General Member,0,4
2,Q18,"Suzuki and I possess a very strong shared understanding of our immediate objectives, and I am confident his insights will contribute significantly to our progress.",Takahashi,Superhero Game Planning,General Member,0,4
2,Q19,"The team's efforts to share information possess a genuine quality, focusing on collaborative concept development rather than mere surface-level announcements.",Takahashi,Superhero Game Planning,General Member,0,4
2,Q20,"My team's shared understanding with Suzuki on our immediate next step, focusing on a collaborative hook for ""Aftermath Heroes,"" feels exceptionally strong.",Takahashi,Superhero Game Planning,General Member,0,4
2,Q21,I am content with our team's strong dedication to this crucial first step.,Takahashi,Superhero Game Planning,General Member,0,4
2,Q22,"My team members demonstrate a clear alignment, with Suzuki's enthusiasm for our collaborative approach and Sato's commitment to thorough refinement forming a strong foundation for our performance.",Takahashi,Superhero Game Planning,General Member,0,4
2,Q23,"The opportunities for personal performance improvement are sufficiently aligned with my intuitive approach, allowing for a strong foundation to be built.",Takahashi,Superhero Game Planning,General Member,0,4
3,Q01,"Watanabe-san proactively scheduling our discussion alleviates any immediate need for my direct intervention, allowing me to focus on conceptual development for our upcoming meeting, a prospect I find quite invigorating.",Tanaka,Superhero Game Planning,General Member,0,4
3,Q02,I can readily share my thoughts and suggestions with my team leader regarding work matters.,Tanaka,Superhero Game Planning,General Member,0,4
3,Q03,I am perfectly comfortable discussing personal problems or disagreements with my team leader.,Tanaka,Superhero Game Planning,General Member,0,4
3,Q04,I feel quite comfortable proposing recommendations and ideas to my team leader.,Tanaka,Superhero Game Planning,General Member,0,4
3,Q05,I would feel adequately safe speaking up to my team leader about a mistake.,Tanaka,Superhero Game Planning,General Member,0,4
3,Q06,"I would feel quite safe speaking up to my team leader if I saw a colleague making a mistake, as I trust our team environment fosters constructive feedback.",Tanaka,Superhero Game Planning,General Member,0,4
3,Q07,I feel my contributions are fully appreciated and actively considered by my team leader.,Tanaka,Superhero Game Planning,General Member,0,4
3,Q08,My team leader generally provides a comfortable environment for me to explore new responsibilities and learning opportunities.,Tanaka,Superhero Game Planning,General Member,0,4
3,Q09,"Watanabe-san demonstrates a commendable proactivity in initiating necessary communications, which suggests a reliable approach to problem resolution.",Tanaka,Superhero Game Planning,General Member,0,4
3,Q10,It is quite straightforward to seek clarification from my colleagues when questions arise regarding my role.,Tanaka,Superhero Game Planning,General Member,0,4
3,Q11,I can communicate my opinions about work issues with my peers with complete openness.,Tanaka,Superhero Game Planning,General Member,0,4
3,Q12,"I am comfortable sharing personal issues with my peers, as I believe open communication fosters stronger relationships.",Tanaka,Superhero Game Planning,General Member,0,4
3,Q13,"I feel quite free to voice my recommendations and ideas to my peers, as their collaborative spirit allows for open discussion and exploration of new concepts.",Tanaka,Superhero Game Planning,General Member,0,4
3,Q14,I would feel quite comfortable sharing any missteps with my colleagues as I trust their constructive feedback.,Tanaka,Superhero Game Planning,General Member,0,4
3,Q15,I would feel perfectly comfortable pointing out a mistake to a colleague.,Tanaka,Superhero Game Planning,General Member,0,4
3,Q16,I perceive my contributions are consistently acknowledged and integrated by my peers during discussions.,Tanaka,Superhero Game Planning,General Member,0,4
3,Q17,Asking for help from my teammates is a straightforward process.,Tanaka,Superhero Game Planning,General Member,0,4
3,Q18,Watanabe-san's proactive scheduling demonstrates a strong commitment to keeping information flowing between team members.,Tanaka,Superhero Game Planning,General Member,0,4
3,Q19,"The team's information sharing efforts are quite substantive, with clear actions demonstrating progress toward alignment on our project's core concepts.",Tanaka,Superhero Game Planning,General Member,0,4
3,Q20,Our team is currently functioning with a strong sense of shared purpose as we advance our project goals.,Tanaka,Superhero Game Planning,General Member,0,4
3,Q21,I am quite content with the team's dedication to our shared objectives.,Tanaka,Superhero Game Planning,General Member,0,4
3,Q22,"Our team members are well-aligned in their aspirations for the team's performance, with a shared enthusiasm for advancing our project.",Tanaka,Superhero Game Planning,General Member,0,4
3,Q23,The opportunities provided by the team to enhance my personal performance are quite sufficient.,Tanaka,Superhero Game Planning,General Member,0,4
4,Q01,Approaching my team leader with inquiries is a seamless endeavor.,Watanabe,Superhero Game Planning,General Member,0,4
4,Q02,I communicate my opinions with my team leader with a comfortable directness.,Watanabe,Superhero Game Planning,General Member,0,4
4,Q03,I find it agreeable to voice concerns regarding personal challenges or team disputes with my department head.,Watanabe,Superhero Game Planning,General Member,0,4
4,Q04,I feel completely unhindered when sharing my recommendations for new projects or procedural adjustments with the team leader.,Watanabe,Superhero Game Planning,General Member,0,4
4,Q05,I would feel quite secure voicing any errors I might encounter when collaborating with my team leader.,Watanabe,Superhero Game Planning,General Member,0,4
4,Q06,I would feel quite secure contributing my observations if a colleague appeared to be deviating from the intended path.,Watanabe,Superhero Game Planning,General Member,0,4
4,Q07,"I perceive my input as generally valued by the team leader, fostering a collaborative environment for shared ideas.",Watanabe,Superhero Game Planning,General Member,0,4
4,Q08,My team leader offers ample encouragement for exploring novel responsibilities and acquiring new proficiencies.,Watanabe,Superhero Game Planning,General Member,0,4
4,Q09,"Ito-san's immediate outreach to Tanaka-san demonstrates a commendable proactiveness, suggesting a promising inclination towards collaborative problem-solving.",Watanabe,Superhero Game Planning,General Member,0,4
4,Q10,Seeking clarification from colleagues is a straightforward process.,Watanabe,Superhero Game Planning,General Member,0,4
4,Q11,I share my thoughts on work matters with my peers with complete openness.,Watanabe,Superhero Game Planning,General Member,0,4
4,Q12,I find sharing personal matters with colleagues to be a matter of careful consideration rather than inherent discomfort.,Watanabe,Superhero Game Planning,General Member,0,4
4,Q13,I feel quite free to contribute my suggestions and thoughts to my colleagues.,Watanabe,Superhero Game Planning,General Member,0,4
4,Q14,"I believe all team members are receptive to open dialogue regarding any missteps, fostering a secure environment for sharing.",Watanabe,Superhero Game Planning,General Member,0,4
4,Q15,I find it important to offer my observations constructively when a colleague appears to be deviating from the intended path.,Watanabe,Superhero Game Planning,General Member,0,4
4,Q16,My contributions are consistently met with appreciative acknowledgment from my colleagues.,Watanabe,Superhero Game Planning,General Member,0,4
4,Q17,Collaborating with my colleagues presents a consistently manageable experience when assistance is required.,Watanabe,Superhero Game Planning,General Member,0,4
4,Q18,The team possesses a commendable exchange of information regarding work-related matters.,Watanabe,Superhero Game Planning,General Member,0,4
4,Q19,The current exchange of information demonstrates a robust and genuine commitment to collaborative development.,Watanabe,Superhero Game Planning,General Member,0,4
4,Q20,"Our team demonstrates a strong alignment in pursuing performance objectives, with individual contributions harmonizing effectively towards our shared goals.",Watanabe,Superhero Game Planning,General Member,0,4
4,Q21,I am pleased with the team's decisive actions and focused approach towards our objective.,Watanabe,Superhero Game Planning,General Member,0,4
4,Q22,The team members' aspirations for team performance display a remarkable alignment.,Watanabe,Superhero Game Planning,General Member,0,4
4,Q23,The opportunities provided to me for enhancing my personal performance are genuinely satisfactory.,Watanabe,Superhero Game Planning,General Member,0,4
5,Q01,My experience with my team leader suggests that seeking clarification is a straightforward endeavor.,Ito,Superhero Game Planning,General Member,0,4
5,Q02,"I express my views on work matters with my team leader with complete openness, as our understanding is consistently synchronized.",Ito,Superhero Game Planning,General Member,0,4
5,Q03,"I am perfectly comfortable discussing disagreements with my team leader, as I find their perspective consistently valuable.",Ito,Superhero Game Planning,General Member,0,4
5,Q04,"I feel quite free to share my recommendations and ideas with my team leader, as our discussions tend to yield fruitful common ground.",Ito,Superhero Game Planning,General Member,0,4
5,Q05,I would feel a healthy level of comfort speaking up to my team leader about a mistake.,Ito,Superhero Game Planning,General Member,0,4
5,Q06,I would feel a definite discomfort initiating such a conversation with my team leader regarding a colleague's error.,Ito,Superhero Game Planning,General Member,0,4
5,Q07,"Ito-san: I am confident that my perspectives on ""heroism in the ordinary"" and ""mundane skills extraordinarily"" are of considerable interest to Watanabe-san and will be thoroughly considered.",Ito,Superhero Game Planning,General Member,0,4
5,Q08,Watanabe-san consistently offers a strong endorsement for my exploration of novel responsibilities and the acquisition of unfamiliar proficiencies.,Ito,Superhero Game Planning,General Member,0,4
5,Q09,Watanabe-san's commitment to our shared vision provides a solid foundation for her advocacy.,Ito,Superhero Game Planning,General Member,0,4
5,Q10,I find it quite straightforward to seek clarification from my colleagues.,Ito,Superhero Game Planning,General Member,0,4
5,Q11,I find it easy to share my perspectives with my colleagues on work matters.,Ito,Superhero Game Planning,General Member,0,4
5,Q12,I find discussing personal matters with colleagues to be a neutral experience.,Ito,Superhero Game Planning,General Member,0,4
5,Q13,"I feel quite free to share my recommendations with my peers, as our shared enthusiasm for our projects creates a fertile ground for new ideas.",Ito,Superhero Game Planning,General Member,0,4
5,Q14,I would feel quite comfortable raising concerns about potential errors with my colleagues.,Ito,Superhero Game Planning,General Member,0,4
5,Q15,"I would feel adequately safe speaking up to a colleague if I observed an error, as a clear path for constructive feedback exists.",Ito,Superhero Game Planning,General Member,0,4
5,Q16,"I recognize the significant weight my contributions carry with my colleagues, especially when articulating my perspectives on the project's core themes.",Ito,Superhero Game Planning,General Member,0,4
5,Q17,I find it rather challenging to request assistance from my colleagues.,Ito,Superhero Game Planning,General Member,0,4
5,Q18,"Watanabe-san and I maintain a strong alignment, fostering excellent communication regarding our shared project.",Ito,Superhero Game Planning,General Member,0,4
5,Q19,"The information sharing within the team possesses a notable depth, with a clear alignment on core concepts and a proactive eagerness to contribute to the collective understanding.",Ito,Superhero Game Planning,General Member,0,4
5,Q20,Our team finds a considerable unity in our pursuit of performance objectives.,Ito,Superhero Game Planning,General Member,0,4
5,Q21,I am greatly pleased with our team's dedication to this task.,Ito,Superhero Game Planning,General Member,0,4
5,Q22,The team members' aspirations for performance exhibit complete alignment.,Ito,Superhero Game Planning,General Member,0,4
5,Q23,The opportunities provided by this team are quite adequate for refining my personal performance.,Ito,Superhero Game Planning,General Member,0,4
6,Q01,It is extremely simple to ask my department leader anything regarding my responsibilities.,Yamamoto,Superhero Game Planning,Department Leader,0,4
6,Q02,I communicate my opinions with my team leader with genuine openness.,Yamamoto,Superhero Game Planning,Department Leader,0,4
6,Q03,I find discussing personal concerns or disagreements with my department leader a completely acceptable situation.,Yamamoto,Superhero Game Planning,Department Leader,0,4
6,Q04,I feel completely unhindered in expressing my recommendations and ideas for new projects or procedural changes to my team leader.,Yamamoto,Superhero Game Planning,Department Leader,0,4
6,Q05,I would feel very safe speaking up to my team leader if I made a mistake.,Yamamoto,Superhero Game Planning,Department Leader,0,4
6,Q06,I would feel quite confident raising concerns to my team leader regarding a colleague's error.,Yamamoto,Superhero Game Planning,Department Leader,0,4
6,Q07,My contributions are recognized and appreciated within the team.,Yamamoto,Superhero Game Planning,Department Leader,0,4
6,Q08,My department leader provides a generous environment for embracing novel responsibilities and skill acquisition.,Yamamoto,Superhero Game Planning,Department Leader,0,4
6,Q09,"My team leader, Yamamoto, is a beacon of support when navigating company challenges.",Yamamoto,Superhero Game Planning,Department Leader,0,4
6,Q10,"My peers offer valuable perspectives, making inquiries a straightforward endeavor.",Yamamoto,Superhero Game Planning,Department Leader,0,4
6,Q11,"I express my thoughts with complete openness, as I find that direct communication fosters the most productive outcomes.",Yamamoto,Superhero Game Planning,Department Leader,0,4
6,Q12,I find myself quite comfortable sharing personal matters with my peers; it fosters deeper connections.,Yamamoto,Superhero Game Planning,Department Leader,0,4
6,Q13,I feel completely unhindered when offering suggestions to my colleagues.,Yamamoto,Superhero Game Planning,Department Leader,0,4
6,Q14,"I am quite confident in my team's ability to handle errors constructively, so I would feel very safe.",Yamamoto,Superhero Game Planning,Department Leader,0,4
6,Q15,I would feel entirely comfortable raising concerns with a colleague if I observed an error.,Yamamoto,Superhero Game Planning,Department Leader,0,4
6,Q16,"My contributions resonate strongly with my colleagues, fostering a sense of shared purpose.",Yamamoto,Superhero Game Planning,Department Leader,0,4
6,Q17,It presents a welcome challenge to solicit assistance from colleagues.,Yamamoto,Superhero Game Planning,Department Leader,0,4
6,Q18,"Sato-san's perspective demonstrates a commendable awareness of how our team shares information, offering a valuable benchmark for our ongoing efforts.",Yamamoto,Superhero Game Planning,Department Leader,0,4
6,Q19,The team's information sharing demonstrates a substantial and genuine commitment to transparency.,Yamamoto,Superhero Game Planning,Department Leader,0,4
6,Q20,Our team demonstrates a strong alignment in our pursuit of performance objectives.,Yamamoto,Superhero Game Planning,Department Leader,0,4
6,Q21,I am profoundly satisfied with my team's dedication to the task at hand.,Yamamoto,Superhero Game Planning,Department Leader,0,4
6,Q22,"The team members' aspirations for performance exhibit a remarkable alignment, with the reflective members' pragmatism reinforcing the intuitive approach.",Yamamoto,Superhero Game Planning,Department Leader,0,4
6,Q23,The team provides a truly enriching environment for my personal performance enhancement.,Yamamoto,Superhero Game Planning,Department Leader,0,4
7,Q01,Engaging my team leader for clarification on my role presents a generally straightforward path.,Nakamura,Sports Game Planning,General Member,1,4
7,Q02,"I communicate my opinions with my team leader with a clear and direct approach, ensuring my thoughts are understood.",Nakamura,Sports Game Planning,General Member,1,4
7,Q03,"I feel a distinct discomfort when discussing personal issues or disagreements with my team leader, finding it a challenging topic to broach.",Nakamura,Sports Game Planning,General Member,1,4
7,Q04,"I experience a significant freedom to offer recommendations and ideas to my team leader, particularly regarding the development of new projects and procedural adjustments.",Nakamura,Sports Game Planning,General Member,1,4
7,Q05,"I would feel quite confident raising concerns about a misstep with my team leader, knowing the value placed on thorough foundational work.",Nakamura,Sports Game Planning,General Member,1,4
7,Q06,"I would feel comfortable offering guidance to a colleague encountering an issue, understanding that collaborative problem-solving benefits everyone.",Nakamura,Sports Game Planning,General Member,1,4
7,Q07,Yamaguchi-san's confirmation of the value of our foundational work and his explicit encouragement to continue collaborating with Yoshida-san indicate my input is perceived with great appreciation.,Nakamura,Sports Game Planning,General Member,1,4
7,Q08,Yamaguchi-san's encouragement to continue our foundational work with Yoshida-san confirms the value of our current efforts.,Nakamura,Sports Game Planning,General Member,1,4
7,Q09,Yamaguchi-san's thorough understanding and vocal support for our foundational work make him a truly reliable advocate for our team's initiatives.,Nakamura,Sports Game Planning,General Member,1,4
7,Q10,It is a pleasant experience to seek clarification from my colleagues regarding my responsibilities.,Nakamura,Sports Game Planning,General Member,1,4
7,Q11,"I communicate my opinions about work issues with my peers with a clear and deliberate openness, especially when building upon foundational concepts.",Nakamura,Sports Game Planning,General Member,1,4
7,Q12,I am quite comfortable discussing personal matters with my peers when it feels natural and relevant to our shared experiences.,Nakamura,Sports Game Planning,General Member,1,4
7,Q13,"I feel a strong sense of freedom to share my recommendations with my peers, particularly following the positive validation of our current work.",Nakamura,Sports Game Planning,General Member,1,4
7,Q14,"I would feel quite comfortable discussing any missteps with my colleagues, as I believe our collaborative spirit fosters a constructive environment for learning and improvement.",Nakamura,Sports Game Planning,General Member,1,4
7,Q15,I would certainly feel comfortable addressing a colleague's error with them directly.,Nakamura,Sports Game Planning,General Member,1,4
7,Q16,"My contributions to discussions are consistently seen as valuable by my peers, fostering productive dialogue.",Nakamura,Sports Game Planning,General Member,1,4
7,Q17,"Collaborating with Yoshida-san on the ""Aetherian Games"" project feels productive and aligned with my vision.",Nakamura,Sports Game Planning,General Member,1,4
7,Q18,"The team's communication regarding work-related issues is quite effective, with frequent updates ensuring everyone remains knowledgeable.",Nakamura,Sports Game Planning,General Member,1,4
7,Q19,"The current information sharing efforts demonstrate a commendable level of substance, with clear alignment and encouragement for collaborative progress on the ""Aetherian Games"" project.",Nakamura,Sports Game Planning,General Member,1,4
7,Q20,"Our team is making excellent progress towards our performance goals, building a strong and cohesive foundation.",Nakamura,Sports Game Planning,General Member,1,4
7,Q21,I am exceedingly pleased with our team's dedication to this foundational work.,Nakamura,Sports Game Planning,General Member,1,4
7,Q22,My team members' aspirations for team performance possess a remarkable convergence.,Nakamura,Sports Game Planning,General Member,1,4
7,Q23,The opportunities provided to me for enhancing my personal performance are quite sufficient.,Nakamura,Sports Game Planning,General Member,1,4
8,Q01,Engaging with my team leader regarding my role presents a straightforward path for inquiry.,Kobayashi,Sports Game Planning,General Member,1,4
8,Q02,"I find communicating my opinions to my team leader is a straightforward process, as we share a comfortable and productive rapport.",Kobayashi,Sports Game Planning,General Member,1,4
8,Q03,I find it beneficial to engage in discussions regarding any challenges or differing viewpoints with my team leader.,Kobayashi,Sports Game Planning,General Member,1,4
8,Q04,"I feel quite comfortable sharing my recommendations and ideas with the team leader, as our discussions tend to be very productive and affirming.",Kobayashi,Sports Game Planning,General Member,1,4
8,Q05,I feel completely safe speaking up to my team leader about any mistakes.,Kobayashi,Sports Game Planning,General Member,1,4
8,Q06,I feel quite secure voicing concerns about a colleague's errors to my team leader.,Kobayashi,Sports Game Planning,General Member,1,4
8,Q07,Kato-san's enthusiastic affirmation of my ideas confirms that my contributions are recognized and contribute meaningfully to our shared vision.,Kobayashi,Sports Game Planning,General Member,1,4
8,Q08,My team leader offers a supportive environment for embracing novel responsibilities and acquiring new competencies.,Kobayashi,Sports Game Planning,General Member,1,4
8,Q09,"Kato-san's perspective aligns perfectly with mine, ensuring a strong voice for our ideas when needed.",Kobayashi,Sports Game Planning,General Member,1,4
8,Q10,Engaging with colleagues for clarification is a smooth process.,Kobayashi,Sports Game Planning,General Member,1,4
8,Q11,"My communication style with peers on work matters is consistently direct and clear, ensuring our shared understanding.",Kobayashi,Sports Game Planning,General Member,1,4
8,Q12,I find it a pleasure to discuss personal matters with my colleagues when the moment feels right.,Kobayashi,Sports Game Planning,General Member,1,4
8,Q13,"I feel a comfortable freedom to share my thoughts with my peers, as our discussions consistently yield positive outcomes.",Kobayashi,Sports Game Planning,General Member,1,4
8,Q14,"I would feel quite comfortable acknowledging an error, as our current collaboration fosters a secure environment for growth.",Kobayashi,Sports Game Planning,General Member,1,4
8,Q15,I feel quite secure in addressing a colleague's error constructively.,Kobayashi,Sports Game Planning,General Member,1,4
8,Q16,"My contributions resonate strongly with my colleagues, fostering a shared sense of progress and confirming the worth of my ideas.",Kobayashi,Sports Game Planning,General Member,1,4
8,Q17,Engaging other team members for assistance requires careful consideration of project stage and readiness for broader input.,Kobayashi,Sports Game Planning,General Member,1,4
8,Q18,"Our department maintains a commendable level of information sharing, ensuring that most team members are well-acquainted with ongoing work-related matters.",Kobayashi,Sports Game Planning,General Member,1,4
8,Q19,The information sharing within the team is largely superficial at this juncture.,Kobayashi,Sports Game Planning,General Member,1,4
8,Q20,"Kato-san and I share a deeply aligned vision for our project's objectives, fostering a singular focus in our current progress.",Kobayashi,Sports Game Planning,General Member,1,4
8,Q21,I am quite content with our team's dedicated focus on refining this concept.,Kobayashi,Sports Game Planning,General Member,1,4
8,Q22,"Kato-san and I share a nearly complete alignment in our aspirations for the team's performance, which is proving exceptionally effective for our current project focus.",Kobayashi,Sports Game Planning,General Member,1,4
8,Q23,The current opportunities to refine my personal performance are quite sufficient for this stage of our focused collaboration.,Kobayashi,Sports Game Planning,General Member,1,4
9,Q01,"Engaging my team leader with inquiries presents a straightforward process, ensuring clarity on my responsibilities.",Kato,Sports Game Planning,General Member,1,4
9,Q02,"I can comfortably share my perspectives with my team leader, as our discussions tend to yield productive outcomes.",Kato,Sports Game Planning,General Member,1,4
9,Q03,I find it quite straightforward to communicate any personal concerns or disagreements with my team leader when necessary.,Kato,Sports Game Planning,General Member,1,4
9,Q04,I find the current process of sharing recommendations to be quite effective for fostering robust ideas before wider dissemination.,Kato,Sports Game Planning,General Member,1,4
9,Q05,I would feel quite comfortable discussing any missteps with my team leader.,Kato,Sports Game Planning,General Member,1,4
9,Q06,"I would feel comfortable addressing a colleague's error directly with my team leader, as open communication fosters a more effective working environment.",Kato,Sports Game Planning,General Member,1,4
9,Q07,"My input feels deeply appreciated by my team leader, aligning perfectly with the shared vision.",Kato,Sports Game Planning,General Member,1,4
9,Q08,My team leader's encouragement for taking on novel responsibilities and acquiring new skills is consistently present.,Kato,Sports Game Planning,General Member,1,4
9,Q09,My team leader exhibits a commendable diligence in championing my concerns within the company.,Kato,Sports Game Planning,General Member,1,4
9,Q10,Engaging with colleagues for clarification or questions is a generally smooth and efficient process.,Kato,Sports Game Planning,General Member,1,4
9,Q11,"I find expressing my viewpoints with colleagues to be a straightforward matter, as my reflections naturally align with the shared goals of our projects.",Kato,Sports Game Planning,General Member,1,4
9,Q12,I feel a genuine comfort when sharing personal reflections with colleagues whose perspectives resonate deeply with mine.,Kato,Sports Game Planning,General Member,1,4
9,Q13,I feel a substantial freedom to propose novel concepts and process enhancements to my colleagues.,Kato,Sports Game Planning,General Member,1,4
9,Q14,"I would feel quite secure expressing any missteps to my colleagues, as I trust their constructive input.",Kato,Sports Game Planning,General Member,1,4
9,Q15,I would feel quite comfortable discussing potential missteps with a colleague to ensure our shared work's integrity.,Kato,Sports Game Planning,General Member,1,4
9,Q16,My input is consistently recognized and appreciated by my peers during our discussions.,Kato,Sports Game Planning,General Member,1,4
9,Q17,Collaborating with team members on complex ideation presents a unique challenge that requires careful navigation.,Kato,Sports Game Planning,General Member,1,4
9,Q18,The flow of information between team members feels consistently adequate for our collective progress.,Kato,Sports Game Planning,General Member,1,4
9,Q19,"Our team's information sharing endeavors present a notable area for enhancement, as current methods sometimes miss opportunities for deeper conceptual alignment.",Kato,Sports Game Planning,General Member,1,4
9,Q20,"Kobayashi-san and I share an exceptional synergy, making our current collaborative focus highly productive for achieving our performance goals.",Kato,Sports Game Planning,General Member,1,4
9,Q21,I find our current collaboration with Kobayashi-san on this conceptual foundation exceptionally fruitful and reassuring.,Kato,Sports Game Planning,General Member,1,4
9,Q22,My team members' aspirations for the team's performance present a **harmonious alignment** with our shared goals.,Kato,Sports Game Planning,General Member,1,4
9,Q23,"The team provides ample opportunities to enhance my personal performance, a situation I find rather beneficial.",Kato,Sports Game Planning,General Member,1,4
10,Q01,Seeking guidance from my team leader is a straightforward process; I anticipate a clear and direct response.,Yoshida,Sports Game Planning,General Member,1,4
10,Q02,"I find my communication with my team leader to be direct and clear, fostering a productive exchange of ideas.",Yoshida,Sports Game Planning,General Member,1,4
10,Q03,"I feel comfortable sharing challenges, as open dialogue benefits our collective work.",Yoshida,Sports Game Planning,General Member,1,4
10,Q04,I find myself feeling quite liberated to propose concepts and process adjustments to our team leader.,Yoshida,Sports Game Planning,General Member,1,4
10,Q05,"I would feel quite secure in admitting to an error to my team leader, as open discussion fosters learning.",Yoshida,Sports Game Planning,General Member,1,4
10,Q06,I would feel comfortable addressing a colleague's oversight directly with them before it becomes a significant issue.,Yoshida,Sports Game Planning,General Member,1,4
10,Q07,My contributions to the team's discussions are consistently recognized and appreciated by my team leader.,Yoshida,Sports Game Planning,General Member,1,4
10,Q08,My team leader offers ample opportunity for acquiring unfamiliar skills.,Yoshida,Sports Game Planning,General Member,1,4
10,Q09,My team leader offers a reliable presence for addressing workplace concerns.,Yoshida,Sports Game Planning,General Member,1,4
10,Q10,Engaging with colleagues regarding inquiries or uncertainties related to my role presents a quite smooth experience.,Yoshida,Sports Game Planning,General Member,1,4
10,Q11,"I find discussing work matters with colleagues to be a productive endeavor, yielding significant insights.",Yoshida,Sports Game Planning,General Member,1,4
10,Q12,I find speaking about personal matters to my colleagues to be something I approach with a degree of reservation.,Yoshida,Sports Game Planning,General Member,1,4
10,Q13,I feel exceptionally empowered to share my recommendations and ideas with my peers for new projects or procedural changes.,Yoshida,Sports Game Planning,General Member,1,4
10,Q14,"I would feel completely secure voicing any misstep to my colleagues, as our current collaborative spirit fosters an environment of constructive learning.",Yoshida,Sports Game Planning,General Member,1,4
10,Q15,I would feel quite comfortable expressing my observations to a colleague if I noticed an area for improvement.,Yoshida,Sports Game Planning,General Member,1,4
10,Q16,My contributions are consistently acknowledged and integrated into our shared vision by my colleagues.,Yoshida,Sports Game Planning,General Member,1,4
10,Q17,"Collaborating with Nakamura-san on these concepts has been remarkably smooth, showcasing an exceptional synergy.",Yoshida,Sports Game Planning,General Member,1,4
10,Q18,"The team maintains a commendable exchange of work-related information, fostering a climate where insights are readily shared and built upon.",Yoshida,Sports Game Planning,General Member,1,4
10,Q19,Nakamura-san's insightful contributions demonstrate a profound level of information sharing that elevates our collective understanding.,Yoshida,Sports Game Planning,General Member,1,4
10,Q20,Our team demonstrates remarkable alignment in pursuing our performance objectives.,Yoshida,Sports Game Planning,General Member,1,4
10,Q21,I find the team's engagement with our current objectives to be remarkably strong.,Yoshida,Sports Game Planning,General Member,1,4
10,Q22,Nakamura-san's contributions significantly enhance the clarity and depth of our shared vision for the project's performance.,Yoshida,Sports Game Planning,General Member,1,4
10,Q23,The opportunities provided for enhancing personal performance are exceptionally sufficient.,Yoshida,Sports Game Planning,General Member,1,4
11,Q01,It is quite straightforward to inquire with my team leader regarding my responsibilities.,Yamada,Sports Game Planning,General Member,1,4
11,Q02,I communicate my work-related opinions with my team leader with a straightforward approach.,Yamada,Sports Game Planning,General Member,1,4
11,Q03,I maintain a clear preference for discussing professional matters over personal ones with my team leader.,Yamada,Sports Game Planning,General Member,1,4
11,Q04,I feel quite unhindered in offering recommendations for new projects or procedural adjustments to my team leader.,Yamada,Sports Game Planning,General Member,1,4
11,Q05,I would feel quite comfortable voicing any errors I might encounter.,Yamada,Sports Game Planning,General Member,1,4
11,Q06,I would feel a significant lack of ease raising concerns about a colleague's missteps with our team leader.,Yamada,Sports Game Planning,General Member,1,4
11,Q07,My contributions are acknowledged and integrated into our strategy discussions.,Yamada,Sports Game Planning,General Member,1,4
11,Q08,My team leader offers considerable encouragement for exploring novel responsibilities and acquiring new skills.,Yamada,Sports Game Planning,General Member,1,4
11,Q09,"Sasaki-kun's enthusiasm for sharing his initial ideas for ""Chrono-Athletes"" is a testament to his dedication, and I fully acknowledge his commitment to this project.",Yamada,Sports Game Planning,General Member,1,4
11,Q10,"Assessing the current project status, it is rather straightforward to solicit input from my colleagues regarding my responsibilities.",Yamada,Sports Game Planning,General Member,1,4
11,Q11,I clearly articulate my perspectives on work matters to my colleagues.,Yamada,Sports Game Planning,General Member,1,4
11,Q12,I maintain a neutral stance regarding the disclosure of personal matters among colleagues.,Yamada,Sports Game Planning,General Member,1,4
11,Q13,I find myself able to freely contribute recommendations and ideas for new projects or procedural changes to my peers.,Yamada,Sports Game Planning,General Member,1,4
11,Q14,I would feel somewhat reserved speaking up about an error to my colleagues.,Yamada,Sports Game Planning,General Member,1,4
11,Q15,I would feel quite comfortable addressing a colleague directly about a potential oversight.,Yamada,Sports Game Planning,General Member,1,4
11,Q16,I am aware that my input is highly valued by my peers when I voice my opinions.,Yamada,Sports Game Planning,General Member,1,4
11,Q17,It is somewhat challenging to request assistance from other team members due to their current project commitments.,Yamada,Sports Game Planning,General Member,1,4
11,Q18,I find that information sharing within the team consistently requires more proactive measures to ensure comprehensive awareness.,Yamada,Sports Game Planning,General Member,1,4
11,Q19,I perceive the information sharing attempts as functional rather than deeply profound at this juncture.,Yamada,Sports Game Planning,General Member,1,4
11,Q20,I find our current team's alignment on performance goals to be exceptionally cohesive.,Yamada,Sports Game Planning,General Member,1,4
11,Q21,I find our team's commitment to moving forward with the game concepts to be quite satisfactory.,Yamada,Sports Game Planning,General Member,1,4
11,Q22,"My team members' aspirations for performance are quite aligned with mine, though I perceive a recurring emphasis on previously discussed points.",Yamada,Sports Game Planning,General Member,1,4
11,Q23,"The current opportunities for improving my personal performance feel somewhat constrained, requiring a more accelerated pace to cover all game concepts effectively.",Yamada,Sports Game Planning,General Member,1,4
12,Q01,Seeking clarification on my responsibilities with Yamada-kun is a process that proceeds without significant friction.,Sasaki,Sports Game Planning,General Member,1,4
12,Q02,"I feel comfortable sharing my opinions on work matters with Yamada-kun, allowing for a constructive exchange of ideas.",Sasaki,Sports Game Planning,General Member,1,4
12,Q03,"I maintain a reserve regarding sharing personal difficulties or disagreements with the team leader, preferring to address them independently.",Sasaki,Sports Game Planning,General Member,1,4
12,Q04,I feel a comfortable freedom to offer recommendations and ideas regarding new projects and procedural changes to my team leader.,Sasaki,Sports Game Planning,General Member,1,4
12,Q05,"I feel quite secure discussing any missteps with my team leader, as I believe open communication fosters a stronger collaborative environment.",Sasaki,Sports Game Planning,General Member,1,4
12,Q06,"I would feel comfortable raising concerns about a colleague's actions if I noticed an error, ensuring we all maintain high standards.",Sasaki,Sports Game Planning,General Member,1,4
12,Q07,"Yamada-kun's focus on progress ensures my contributions regarding ""Aetherial Velocity""'s audience find their place within our structured approach.",Sasaki,Sports Game Planning,General Member,1,4
12,Q08,"Yamada-kun's focus on efficient progress is appreciated; I will offer my audience insights for ""Aetherial Velocity"" now.",Sasaki,Sports Game Planning,General Member,1,4
12,Q09,Yamada-kun's focus on efficiency for our project timeline provides a solid foundation for our progress.,Sasaki,Sports Game Planning,General Member,1,4
12,Q10,It presents a straightforward process to inquire of my colleagues when uncertainty arises regarding my responsibilities.,Sasaki,Sports Game Planning,General Member,1,4
12,Q11,"I find myself comfortably sharing my perspectives on work matters with my colleagues, especially when the discussion is focused and productive.",Sasaki,Sports Game Planning,General Member,1,4
12,Q12,My personal concerns are something I find comfortable sharing when a genuine need arises for understanding and collaboration within our team's objectives.,Sasaki,Sports Game Planning,General Member,1,4
12,Q13,I feel quite free to present my suggestions and concepts for new projects or procedural adjustments to my colleagues.,Sasaki,Sports Game Planning,General Member,1,4
12,Q14,"I would feel quite comfortable discussing any errors with my colleagues, as the team's forward momentum is paramount.",Sasaki,Sports Game Planning,General Member,1,4
12,Q15,"I would feel quite comfortable pointing out an error to a colleague, given the opportunity for shared improvement.",Sasaki,Sports Game Planning,General Member,1,4
12,Q16,"My contributions are consistently recognized as insightful by my colleagues, even if they prefer to move forward efficiently.",Sasaki,Sports Game Planning,General Member,1,4
12,Q17,Assisting my colleagues when they require it remains a straightforward endeavor.,Sasaki,Sports Game Planning,General Member,1,4
12,Q18,Yamada-kun's approach to streamlining our discussions is a valuable contribution to team efficiency.,Sasaki,Sports Game Planning,General Member,1,4
12,Q19,"Yamada-kun's drive to progress efficiently through each game concept ensures we cover essential ground, making his approach beneficial for team alignment.",Sasaki,Sports Game Planning,General Member,1,4
12,Q20,"Our team maintains a unified focus on performance objectives, with a shared commitment to achieving our collective aims.",Sasaki,Sports Game Planning,General Member,1,4
12,Q21,"Yamada-kun's drive to progress through our project concepts is commendable, and I find our team's dedication to efficiently exploring each game's audience quite satisfactory.",Sasaki,Sports Game Planning,General Member,1,4
12,Q22,Yamada-kun's drive for efficiency aligns well with our need to finalize audience profiles before Yamaguchi-san's submission.,Sasaki,Sports Game Planning,General Member,1,4
12,Q23,The current opportunities provided are quite sufficient for my personal performance improvements.,Sasaki,Sports Game Planning,General Member,1,4
13,Q01,Nakamura-san’s dedicated preparation certainly simplifies any need for clarification on her work.,Yamaguchi,Sports Game Planning,Department Leader,1,4
13,Q02,I communicate my opinions about work issues with my team leader with complete openness and directness.,Yamaguchi,Sports Game Planning,Department Leader,1,4
13,Q03,"I appreciate Nakamura-san's thorough approach, as it greatly strengthens our foundation for future discussions.",Yamaguchi,Sports Game Planning,Department Leader,1,4
13,Q04,"I experience a complete openness for sharing recommendations and ideas with my team leader, as the current environment fosters constructive dialogue.",Yamaguchi,Sports Game Planning,Department Leader,1,4
13,Q05,I would feel completely secure discussing any oversight with my team leader.,Yamaguchi,Sports Game Planning,Department Leader,1,4
13,Q06,"I possess immense confidence in the team's ability to self-correct, making a formal intervention unnecessary.",Yamaguchi,Sports Game Planning,Department Leader,1,4
13,Q07,"My contributions are always recognized and integrated by Nakamura-san, particularly when they align with her thorough preparation.",Yamaguchi,Sports Game Planning,Department Leader,1,4
13,Q08,Nakamura-san's initiative in exploring actionable life skills and refining the mentor system is a commendable depth of preparation.,Yamaguchi,Sports Game Planning,Department Leader,1,4
13,Q09,Nakamura-san's diligent preparation confirms her reliability as a steadfast advocate for departmental endeavors within the company.,Yamaguchi,Sports Game Planning,Department Leader,1,4
13,Q10,It is remarkably straightforward to seek clarification from my colleagues given my position.,Yamaguchi,Sports Game Planning,Department Leader,1,4
13,Q11,I share my thoughts with my colleagues with complete openness and candor.,Yamaguchi,Sports Game Planning,Department Leader,1,4
13,Q12,I am completely at ease discussing personal matters with my colleagues.,Yamaguchi,Sports Game Planning,Department Leader,1,4
13,Q13,I feel completely at liberty to introduce novel project concepts and procedural adjustments to my colleagues.,Yamaguchi,Sports Game Planning,Department Leader,1,4
13,Q14,I feel very secure sharing my occasional errors with my colleagues.,Yamaguchi,Sports Game Planning,Department Leader,1,4
13,Q15,I feel entirely comfortable raising concerns with a colleague when I perceive an error in their work.,Yamaguchi,Sports Game Planning,Department Leader,1,4
13,Q16,"My insights resonate with my colleagues, fostering a collaborative environment where contributions are actively considered.",Yamaguchi,Sports Game Planning,Department Leader,1,4
13,Q17,"Nakamura-san's proactive preparations establish a robust framework, making it straightforward to seek assistance from team members.",Yamaguchi,Sports Game Planning,Department Leader,1,4
13,Q18,Nakamura-san's focused preparations provide substantial insight for team alignment.,Yamaguchi,Sports Game Planning,Department Leader,1,4
13,Q19,"Nakamura-san's dedicated preparation for ""Aetherian Games"" provides a profoundly substantial bedrock for our upcoming team discussions.",Yamaguchi,Sports Game Planning,Department Leader,1,4
13,Q20,"Our team exhibits remarkable unity, driven by a shared understanding of our objectives.",Yamaguchi,Sports Game Planning,Department Leader,1,4
13,Q21,Nakamura-san's proactive approach to refining the core concepts demonstrates a commendable level of dedication.,Yamaguchi,Sports Game Planning,Department Leader,1,4
13,Q22,"Nakamura-san's meticulous approach to defining actionable skills and mentoring, alongside Yoshida-san's efforts, perfectly aligns with the department's drive for elevated contributions.",Yamaguchi,Sports Game Planning,Department Leader,1,4
13,Q23,"Nakamura-san's thorough preparation is a valuable catalyst, ensuring our department's contributions will possess considerable depth.",Yamaguchi,Sports Game Planning,Department Leader,1,4
