run_id,agent_id,agent_name,dept_id,dept_name,community_id
1,0,Sato,0,Superhero Game Planning,0
1,1,Suzuki,0,Superhero Game Planning,0
1,2,Takahashi,0,Superhero Game Planning,1
1,3,Tanaka,0,Superhero Game Planning,2
1,4,Watanabe,0,Superhero Game Planning,2
1,5,Ito,0,Superhero Game Planning,1
1,6,Yamamoto,0,Superhero Game Planning,0
1,7,Nakamura,1,Slice of Life Game Planning,3
1,8,Kobayashi,1,Slice of Life Game Planning,3
1,9,Kato,1,Slice of Life Game Planning,3
1,10,Yoshida,1,Slice of Life Game Planning,4
1,11,Yamada,1,Slice of Life Game Planning,4
1,12,Sasaki,1,Slice of Life Game Planning,4
1,13,Yamaguchi,1,Slice of Life Game Planning,3
2,0,Sato,0,Superhero Game Planning,0
2,1,Suzuki,0,Superhero Game Planning,0
2,2,Takahashi,0,Superhero Game Planning,1
2,3,Tanaka,0,Superhero Game Planning,2
2,4,Watanabe,0,Superhero Game Planning,0
2,5,Ito,0,Superhero Game Planning,1
2,6,Yamamoto,0,Superhero Game Planning,2
2,7,Nakamura,1,Slice of Life Game Planning,3
2,8,Kobayashi,1,Slice of Life Game Planning,3
2,9,Kato,1,Slice of Life Game Planning,3
2,10,Yoshida,1,Slice of Life Game Planning,3
2,11,Yamada,1,Slice of Life Game Planning,3
2,12,Sasaki,1,Slice of Life Game Planning,3
2,13,Yamaguchi,1,Slice of Life Game Planning,3
3,0,Sato,0,Superhero Game Planning,0
3,1,Suzuki,0,Superhero Game Planning,0
3,2,Takahashi,0,Superhero Game Planning,0
3,3,Tanaka,0,Superhero Game Planning,1
3,4,Watanabe,0,Superhero Game Planning,1
3,5,Ito,0,Superhero Game Planning,1
3,6,Yamamoto,0,Superhero Game Planning,0
3,7,Nakamura,1,Slice of Life Game Planning,2
3,8,Kobayashi,1,Slice of Life Game Planning,3
3,9,Kato,1,Slice of Life Game Planning,2
3,10,Yoshida,1,Slice of Life Game Planning,3
3,11,Yamada,1,Slice of Life Game Planning,3
3,12,Sasaki,1,Slice of Life Game Planning,3
3,13,Yamaguchi,1,Slice of Life Game Planning,2
4,0,Sato,0,Superhero Game Planning,2
4,1,Suzuki,0,Superhero Game Planning,2
4,2,Takahashi,0,Superhero Game Planning,1
4,3,Tanaka,0,Superhero Game Planning,2
4,4,Watanabe,0,Superhero Game Planning,2
4,5,Ito,0,Superhero Game Planning,1
4,6,Yamamoto,0,Superhero Game Planning,2
4,7,Nakamura,1,Slice of Life Game Planning,0
4,8,Kobayashi,1,Slice of Life Game Planning,3
4,9,Kato,1,Slice of Life Game Planning,0
4,10,Yoshida,1,Slice of Life Game Planning,0
4,11,Yamada,1,Slice of Life Game Planning,3
4,12,Sasaki,1,Slice of Life Game Planning,0
4,13,Yamaguchi,1,Slice of Life Game Planning,0
5,0,Sato,0,Modern Setting Game Planning,0
5,1,Suzuki,0,Modern Setting Game Planning,0
5,2,Takahashi,0,Modern Setting Game Planning,0
5,3,Tanaka,0,Modern Setting Game Planning,1
5,4,Watanabe,0,Modern Setting Game Planning,1
5,5,Ito,0,Modern Setting Game Planning,1
5,6,Yamamoto,0,Modern Setting Game Planning,0
5,7,Nakamura,1,Sports Game Planning,2
5,8,Kobayashi,1,Sports Game Planning,3
5,9,Kato,1,Sports Game Planning,3
5,10,Yoshida,1,Sports Game Planning,2
5,11,Yamada,1,Sports Game Planning,2
5,12,Sasaki,1,Sports Game Planning,3
5,13,Yamaguchi,1,Sports Game Planning,2
6,0,Sato,0,Modern Setting Game Planning,0
6,1,Suzuki,0,Modern Setting Game Planning,2
6,2,Takahashi,0,Modern Setting Game Planning,0
6,3,Tanaka,0,Modern Setting Game Planning,2
6,4,Watanabe,0,Modern Setting Game Planning,2
6,5,Ito,0,Modern Setting Game Planning,2
6,6,Yamamoto,0,Modern Setting Game Planning,2
6,7,Nakamura,1,Sports Game Planning,3
6,8,Kobayashi,1,Sports Game Planning,3
6,9,Kato,1,Sports Game Planning,4
6,10,Yoshida,1,Sports Game Planning,1
6,11,Yamada,1,Sports Game Planning,1
6,12,Sasaki,1,Sports Game Planning,4
6,13,Yamaguchi,1,Sports Game Planning,3
7,0,Sato,0,Modern Setting Game Planning,0
7,1,Suzuki,0,Modern Setting Game Planning,1
7,2,Takahashi,0,Modern Setting Game Planning,0
7,3,Tanaka,0,Modern Setting Game Planning,4
7,4,Watanabe,0,Modern Setting Game Planning,1
7,5,Ito,0,Modern Setting Game Planning,4
7,6,Yamamoto,0,Modern Setting Game Planning,0
7,7,Nakamura,1,Sports Game Planning,3
7,8,Kobayashi,1,Sports Game Planning,3
7,9,Kato,1,Sports Game Planning,3
7,10,Yoshida,1,Sports Game Planning,2
7,11,Yamada,1,Sports Game Planning,2
7,12,Sasaki,1,Sports Game Planning,2
7,13,Yamaguchi,1,Sports Game Planning,3
8,0,Sato,0,Modern Setting Game Planning,1
8,1,Suzuki,0,Modern Setting Game Planning,1
8,2,Takahashi,0,Modern Setting Game Planning,1
8,3,Tanaka,0,Modern Setting Game Planning,1
8,4,Watanabe,0,Modern Setting Game Planning,1
8,5,Ito,0,Modern Setting Game Planning,1
8,6,Yamamoto,0,Modern Setting Game Planning,1
8,7,Nakamura,1,Sports Game Planning,3
8,8,Kobayashi,1,Sports Game Planning,0
8,9,Kato,1,Sports Game Planning,2
8,10,Yoshida,1,Sports Game Planning,2
8,11,Yamada,1,Sports Game Planning,0
8,12,Sasaki,1,Sports Game Planning,2
8,13,Yamaguchi,1,Sports Game Planning,3
9,0,Sato,0,Fantasy Game Planning,0
9,1,Suzuki,0,Fantasy Game Planning,0
9,2,Takahashi,0,Fantasy Game Planning,0
9,3,Tanaka,0,Fantasy Game Planning,1
9,4,Watanabe,0,Fantasy Game Planning,1
9,5,Ito,0,Fantasy Game Planning,1
9,6,Yamamoto,0,Fantasy Game Planning,1
9,7,Nakamura,1,Science Fiction Game Planning,2
9,8,Kobayashi,1,Science Fiction Game Planning,3
9,9,Kato,1,Science Fiction Game Planning,3
9,10,Yoshida,1,Science Fiction Game Planning,2
9,11,Yamada,1,Science Fiction Game Planning,2
9,12,Sasaki,1,Science Fiction Game Planning,2
9,13,Yamaguchi,1,Science Fiction Game Planning,2
10,0,Sato,0,Fantasy Game Planning,0
10,1,Suzuki,0,Fantasy Game Planning,2
10,2,Takahashi,0,Fantasy Game Planning,0
10,3,Tanaka,0,Fantasy Game Planning,2
10,4,Watanabe,0,Fantasy Game Planning,2
10,5,Ito,0,Fantasy Game Planning,2
10,6,Yamamoto,0,Fantasy Game Planning,2
10,7,Nakamura,1,Science Fiction Game Planning,3
10,8,Kobayashi,1,Science Fiction Game Planning,1
10,9,Kato,1,Science Fiction Game Planning,1
10,10,Yoshida,1,Science Fiction Game Planning,3
10,11,Yamada,1,Science Fiction Game Planning,3
10,12,Sasaki,1,Science Fiction Game Planning,3
10,13,Yamaguchi,1,Science Fiction Game Planning,3
11,0,Sato,0,Fantasy Game Planning,0
11,1,Suzuki,0,Fantasy Game Planning,1
11,2,Takahashi,0,Fantasy Game Planning,0
11,3,Tanaka,0,Fantasy Game Planning,1
11,4,Watanabe,0,Fantasy Game Planning,1
11,5,Ito,0,Fantasy Game Planning,1
11,6,Yamamoto,0,Fantasy Game Planning,0
11,7,Nakamura,1,Science Fiction Game Planning,3
11,8,Kobayashi,1,Science Fiction Game Planning,4
11,9,Kato,1,Science Fiction Game Planning,4
11,10,Yoshida,1,Science Fiction Game Planning,3
11,11,Yamada,1,Science Fiction Game Planning,2
11,12,Sasaki,1,Science Fiction Game Planning,2
11,13,Yamaguchi,1,Science Fiction Game Planning,3
12,0,Sato,0,Fantasy Game Planning,0
12,1,Suzuki,0,Fantasy Game Planning,1
12,2,Takahashi,0,Fantasy Game Planning,0
12,3,Tanaka,0,Fantasy Game Planning,2
12,4,Watanabe,0,Fantasy Game Planning,1
12,5,Ito,0,Fantasy Game Planning,2
12,6,Yamamoto,0,Fantasy Game Planning,2
12,7,Nakamura,1,Science Fiction Game Planning,3
12,8,Kobayashi,1,Science Fiction Game Planning,4
12,9,Kato,1,Science Fiction Game Planning,4
12,10,Yoshida,1,Science Fiction Game Planning,3
12,11,Yamada,1,Science Fiction Game Planning,3
12,12,Sasaki,1,Science Fiction Game Planning,3
12,13,Yamaguchi,1,Science Fiction Game Planning,3
13,0,Sato,0,Historical Game Planning,0
13,1,Suzuki,0,Historical Game Planning,0
13,2,Takahashi,0,Historical Game Planning,0
13,3,Tanaka,0,Historical Game Planning,3
13,4,Watanabe,0,Historical Game Planning,3
13,5,Ito,0,Historical Game Planning,3
13,6,Yamamoto,0,Historical Game Planning,0
13,7,Nakamura,1,Sports Game Planning,2
13,8,Kobayashi,1,Sports Game Planning,2
13,9,Kato,1,Sports Game Planning,2
13,10,Yoshida,1,Sports Game Planning,1
13,11,Yamada,1,Sports Game Planning,1
13,12,Sasaki,1,Sports Game Planning,1
13,13,Yamaguchi,1,Sports Game Planning,1
14,0,Sato,0,Historical Game Planning,0
14,1,Suzuki,0,Historical Game Planning,1
14,2,Takahashi,0,Historical Game Planning,0
14,3,Tanaka,0,Historical Game Planning,1
14,4,Watanabe,0,Historical Game Planning,1
14,5,Ito,0,Historical Game Planning,1
14,6,Yamamoto,0,Historical Game Planning,0
14,7,Nakamura,1,Sports Game Planning,3
14,8,Kobayashi,1,Sports Game Planning,3
14,9,Kato,1,Sports Game Planning,3
14,10,Yoshida,1,Sports Game Planning,2
14,11,Yamada,1,Sports Game Planning,2
14,12,Sasaki,1,Sports Game Planning,2
14,13,Yamaguchi,1,Sports Game Planning,3
15,0,Sato,0,Historical Game Planning,0
15,1,Suzuki,0,Historical Game Planning,0
15,2,Takahashi,0,Historical Game Planning,0
15,3,Tanaka,0,Historical Game Planning,1
15,4,Watanabe,0,Historical Game Planning,1
15,5,Ito,0,Historical Game Planning,1
15,6,Yamamoto,0,Historical Game Planning,0
15,7,Nakamura,1,Sports Game Planning,2
15,8,Kobayashi,1,Sports Game Planning,2
15,9,Kato,1,Sports Game Planning,2
15,10,Yoshida,1,Sports Game Planning,2
15,11,Yamada,1,Sports Game Planning,2
15,12,Sasaki,1,Sports Game Planning,2
15,13,Yamaguchi,1,Sports Game Planning,2
16,0,Sato,0,Historical Game Planning,1
16,1,Suzuki,0,Historical Game Planning,1
16,2,Takahashi,0,Historical Game Planning,1
16,3,Tanaka,0,Historical Game Planning,2
16,4,Watanabe,0,Historical Game Planning,2
16,5,Ito,0,Historical Game Planning,1
16,6,Yamamoto,0,Historical Game Planning,1
16,7,Nakamura,1,Sports Game Planning,3
16,8,Kobayashi,1,Sports Game Planning,0
16,9,Kato,1,Sports Game Planning,0
16,10,Yoshida,1,Sports Game Planning,3
16,11,Yamada,1,Sports Game Planning,3
16,12,Sasaki,1,Sports Game Planning,3
16,13,Yamaguchi,1,Sports Game Planning,3
17,0,Sato,0,Historical Game Planning,2
17,1,Suzuki,0,Historical Game Planning,1
17,2,Takahashi,0,Historical Game Planning,2
17,3,Tanaka,0,Historical Game Planning,2
17,4,Watanabe,0,Historical Game Planning,1
17,5,Ito,0,Historical Game Planning,2
17,6,Yamamoto,0,Historical Game Planning,2
17,7,Nakamura,1,Military / War Game Planning,0
17,8,Kobayashi,1,Military / War Game Planning,0
17,9,Kato,1,Military / War Game Planning,0
17,10,Yoshida,1,Military / War Game Planning,0
17,11,Yamada,1,Military / War Game Planning,0
17,12,Sasaki,1,Military / War Game Planning,0
17,13,Yamaguchi,1,Military / War Game Planning,0
18,0,Sato,0,Historical Game Planning,0
18,1,Suzuki,0,Historical Game Planning,0
18,2,Takahashi,0,Historical Game Planning,0
18,3,Tanaka,0,Historical Game Planning,1
18,4,Watanabe,0,Historical Game Planning,1
18,5,Ito,0,Historical Game Planning,1
18,6,Yamamoto,0,Historical Game Planning,0
18,7,Nakamura,1,Military / War Game Planning,3
18,8,Kobayashi,1,Military / War Game Planning,3
18,9,Kato,1,Military / War Game Planning,3
18,10,Yoshida,1,Military / War Game Planning,3
18,11,Yamada,1,Military / War Game Planning,2
18,12,Sasaki,1,Military / War Game Planning,2
18,13,Yamaguchi,1,Military / War Game Planning,3
19,0,Sato,0,Historical Game Planning,1
19,1,Suzuki,0,Historical Game Planning,1
19,2,Takahashi,0,Historical Game Planning,1
19,3,Tanaka,0,Historical Game Planning,2
19,4,Watanabe,0,Historical Game Planning,1
19,5,Ito,0,Historical Game Planning,2
19,6,Yamamoto,0,Historical Game Planning,1
19,7,Nakamura,1,Military / War Game Planning,3
19,8,Kobayashi,1,Military / War Game Planning,4
19,9,Kato,1,Military / War Game Planning,4
19,10,Yoshida,1,Military / War Game Planning,3
19,11,Yamada,1,Military / War Game Planning,0
19,12,Sasaki,1,Military / War Game Planning,0
19,13,Yamaguchi,1,Military / War Game Planning,4
20,0,Sato,0,Historical Game Planning,2
20,1,Suzuki,0,Historical Game Planning,1
20,2,Takahashi,0,Historical Game Planning,2
20,3,Tanaka,0,Historical Game Planning,5
20,4,Watanabe,0,Historical Game Planning,1
20,5,Ito,0,Historical Game Planning,5
20,6,Yamamoto,0,Historical Game Planning,2
20,7,Nakamura,1,Military / War Game Planning,4
20,8,Kobayashi,1,Military / War Game Planning,0
20,9,Kato,1,Military / War Game Planning,0
20,10,Yoshida,1,Military / War Game Planning,4
20,11,Yamada,1,Military / War Game Planning,3
20,12,Sasaki,1,Military / War Game Planning,3
20,13,Yamaguchi,1,Military / War Game Planning,4
21,0,Sato,0,Sports Game Planning,0
21,1,Suzuki,0,Sports Game Planning,0
21,2,Takahashi,0,Sports Game Planning,0
21,3,Tanaka,0,Sports Game Planning,1
21,4,Watanabe,0,Sports Game Planning,1
21,5,Ito,0,Sports Game Planning,0
21,6,Yamamoto,0,Sports Game Planning,0
21,7,Nakamura,1,Military / War Game Planning,2
21,8,Kobayashi,1,Military / War Game Planning,2
21,9,Kato,1,Military / War Game Planning,2
21,10,Yoshida,1,Military / War Game Planning,3
21,11,Yamada,1,Military / War Game Planning,3
21,12,Sasaki,1,Military / War Game Planning,3
21,13,Yamaguchi,1,Military / War Game Planning,2
22,0,Sato,0,Sports Game Planning,0
22,1,Suzuki,0,Sports Game Planning,1
22,2,Takahashi,0,Sports Game Planning,0
22,3,Tanaka,0,Sports Game Planning,1
22,4,Watanabe,0,Sports Game Planning,1
22,5,Ito,0,Sports Game Planning,1
22,6,Yamamoto,0,Sports Game Planning,1
22,7,Nakamura,1,Military / War Game Planning,2
22,8,Kobayashi,1,Military / War Game Planning,2
22,9,Kato,1,Military / War Game Planning,3
22,10,Yoshida,1,Military / War Game Planning,2
22,11,Yamada,1,Military / War Game Planning,2
22,12,Sasaki,1,Military / War Game Planning,3
22,13,Yamaguchi,1,Military / War Game Planning,2
23,0,Sato,0,Sports Game Planning,0
23,1,Suzuki,0,Sports Game Planning,0
23,2,Takahashi,0,Sports Game Planning,0
23,3,Tanaka,0,Sports Game Planning,2
23,4,Watanabe,0,Sports Game Planning,2
23,5,Ito,0,Sports Game Planning,0
23,6,Yamamoto,0,Sports Game Planning,0
23,7,Nakamura,1,Military / War Game Planning,3
23,8,Kobayashi,1,Military / War Game Planning,3
23,9,Kato,1,Military / War Game Planning,3
23,10,Yoshida,1,Military / War Game Planning,1
23,11,Yamada,1,Military / War Game Planning,1
23,12,Sasaki,1,Military / War Game Planning,3
23,13,Yamaguchi,1,Military / War Game Planning,3
24,0,Sato,0,Sports Game Planning,5
24,1,Suzuki,0,Sports Game Planning,2
24,2,Takahashi,0,Sports Game Planning,2
24,3,Tanaka,0,Sports Game Planning,4
24,4,Watanabe,0,Sports Game Planning,4
24,5,Ito,0,Sports Game Planning,5
24,6,Yamamoto,0,Sports Game Planning,5
24,7,Nakamura,1,Military / War Game Planning,0
24,8,Kobayashi,1,Military / War Game Planning,0
24,9,Kato,1,Military / War Game Planning,1
24,10,Yoshida,1,Military / War Game Planning,3
24,11,Yamada,1,Military / War Game Planning,3
24,12,Sasaki,1,Military / War Game Planning,1
24,13,Yamaguchi,1,Military / War Game Planning,0
25,0,Sato,0,Sports Game Planning,2
25,1,Suzuki,0,Sports Game Planning,1
25,2,Takahashi,0,Sports Game Planning,2
25,3,Tanaka,0,Sports Game Planning,1
25,4,Watanabe,0,Sports Game Planning,1
25,5,Ito,0,Sports Game Planning,1
25,6,Yamamoto,0,Sports Game Planning,2
25,7,Nakamura,1,Science Fiction Game Planning,3
25,8,Kobayashi,1,Science Fiction Game Planning,3
25,9,Kato,1,Science Fiction Game Planning,3
25,10,Yoshida,1,Science Fiction Game Planning,0
25,11,Yamada,1,Science Fiction Game Planning,0
25,12,Sasaki,1,Science Fiction Game Planning,0
25,13,Yamaguchi,1,Science Fiction Game Planning,0
26,0,Sato,0,Sports Game Planning,0
26,1,Suzuki,0,Sports Game Planning,0
26,2,Takahashi,0,Sports Game Planning,0
26,3,Tanaka,0,Sports Game Planning,2
26,4,Watanabe,0,Sports Game Planning,2
26,5,Ito,0,Sports Game Planning,2
26,6,Yamamoto,0,Sports Game Planning,0
26,7,Nakamura,1,Science Fiction Game Planning,3
26,8,Kobayashi,1,Science Fiction Game Planning,3
26,9,Kato,1,Science Fiction Game Planning,4
26,10,Yoshida,1,Science Fiction Game Planning,1
26,11,Yamada,1,Science Fiction Game Planning,1
26,12,Sasaki,1,Science Fiction Game Planning,4
26,13,Yamaguchi,1,Science Fiction Game Planning,4
27,0,Sato,0,Sports Game Planning,0
27,1,Suzuki,0,Sports Game Planning,1
27,2,Takahashi,0,Sports Game Planning,0
27,3,Tanaka,0,Sports Game Planning,1
27,4,Watanabe,0,Sports Game Planning,1
27,5,Ito,0,Sports Game Planning,1
27,6,Yamamoto,0,Sports Game Planning,1
27,7,Nakamura,1,Science Fiction Game Planning,2
27,8,Kobayashi,1,Science Fiction Game Planning,3
27,9,Kato,1,Science Fiction Game Planning,2
27,10,Yoshida,1,Science Fiction Game Planning,3
27,11,Yamada,1,Science Fiction Game Planning,3
27,12,Sasaki,1,Science Fiction Game Planning,2
27,13,Yamaguchi,1,Science Fiction Game Planning,3
28,0,Sato,0,Sports Game Planning,2
28,1,Suzuki,0,Sports Game Planning,2
28,2,Takahashi,0,Sports Game Planning,2
28,3,Tanaka,0,Sports Game Planning,3
28,4,Watanabe,0,Sports Game Planning,3
28,5,Ito,0,Sports Game Planning,3
28,6,Yamamoto,0,Sports Game Planning,3
28,7,Nakamura,1,Science Fiction Game Planning,0
28,8,Kobayashi,1,Science Fiction Game Planning,0
28,9,Kato,1,Science Fiction Game Planning,0
28,10,Yoshida,1,Science Fiction Game Planning,1
28,11,Yamada,1,Science Fiction Game Planning,1
28,12,Sasaki,1,Science Fiction Game Planning,1
28,13,Yamaguchi,1,Science Fiction Game Planning,0
29,0,Sato,0,Crime & Investigation Game Planning,0
29,1,Suzuki,0,Crime & Investigation Game Planning,1
29,2,Takahashi,0,Crime & Investigation Game Planning,0
29,3,Tanaka,0,Crime & Investigation Game Planning,2
29,4,Watanabe,0,Crime & Investigation Game Planning,1
29,5,Ito,0,Crime & Investigation Game Planning,2
29,6,Yamamoto,0,Crime & Investigation Game Planning,2
29,7,Nakamura,1,Modern Setting Game Planning,4
29,8,Kobayashi,1,Modern Setting Game Planning,4
29,9,Kato,1,Modern Setting Game Planning,4
29,10,Yoshida,1,Modern Setting Game Planning,3
29,11,Yamada,1,Modern Setting Game Planning,3
29,12,Sasaki,1,Modern Setting Game Planning,4
29,13,Yamaguchi,1,Modern Setting Game Planning,4
30,0,Sato,0,Crime & Investigation Game Planning,0
30,1,Suzuki,0,Crime & Investigation Game Planning,1
30,2,Takahashi,0,Crime & Investigation Game Planning,0
30,3,Tanaka,0,Crime & Investigation Game Planning,2
30,4,Watanabe,0,Crime & Investigation Game Planning,1
30,5,Ito,0,Crime & Investigation Game Planning,2
30,6,Yamamoto,0,Crime & Investigation Game Planning,2
30,7,Nakamura,1,Modern Setting Game Planning,3
30,8,Kobayashi,1,Modern Setting Game Planning,3
30,9,Kato,1,Modern Setting Game Planning,4
30,10,Yoshida,1,Modern Setting Game Planning,4
30,11,Yamada,1,Modern Setting Game Planning,4
30,12,Sasaki,1,Modern Setting Game Planning,4
30,13,Yamaguchi,1,Modern Setting Game Planning,3
31,0,Sato,0,Crime & Investigation Game Planning,2
31,1,Suzuki,0,Crime & Investigation Game Planning,1
31,2,Takahashi,0,Crime & Investigation Game Planning,2
31,3,Tanaka,0,Crime & Investigation Game Planning,3
31,4,Watanabe,0,Crime & Investigation Game Planning,1
31,5,Ito,0,Crime & Investigation Game Planning,3
31,6,Yamamoto,0,Crime & Investigation Game Planning,3
31,7,Nakamura,1,Modern Setting Game Planning,4
31,8,Kobayashi,1,Modern Setting Game Planning,4
31,9,Kato,1,Modern Setting Game Planning,4
31,10,Yoshida,1,Modern Setting Game Planning,0
31,11,Yamada,1,Modern Setting Game Planning,0
31,12,Sasaki,1,Modern Setting Game Planning,0
31,13,Yamaguchi,1,Modern Setting Game Planning,4
32,0,Sato,0,Crime & Investigation Game Planning,0
32,1,Suzuki,0,Crime & Investigation Game Planning,4
32,2,Takahashi,0,Crime & Investigation Game Planning,0
32,3,Tanaka,0,Crime & Investigation Game Planning,2
32,4,Watanabe,0,Crime & Investigation Game Planning,4
32,5,Ito,0,Crime & Investigation Game Planning,2
32,6,Yamamoto,0,Crime & Investigation Game Planning,2
32,7,Nakamura,1,Modern Setting Game Planning,3
32,8,Kobayashi,1,Modern Setting Game Planning,3
32,9,Kato,1,Modern Setting Game Planning,3
32,10,Yoshida,1,Modern Setting Game Planning,1
32,11,Yamada,1,Modern Setting Game Planning,1
32,12,Sasaki,1,Modern Setting Game Planning,1
32,13,Yamaguchi,1,Modern Setting Game Planning,3
33,0,Sato,0,Historical Game Planning,0
33,1,Suzuki,0,Historical Game Planning,0
33,2,Takahashi,0,Historical Game Planning,0
33,3,Tanaka,0,Historical Game Planning,0
33,4,Watanabe,0,Historical Game Planning,0
33,5,Ito,0,Historical Game Planning,0
33,6,Yamamoto,0,Historical Game Planning,0
33,7,Nakamura,1,Crime & Investigation Game Planning,2
33,8,Kobayashi,1,Crime & Investigation Game Planning,2
33,9,Kato,1,Crime & Investigation Game Planning,1
33,10,Yoshida,1,Crime & Investigation Game Planning,2
33,11,Yamada,1,Crime & Investigation Game Planning,2
33,12,Sasaki,1,Crime & Investigation Game Planning,1
33,13,Yamaguchi,1,Crime & Investigation Game Planning,2
34,0,Sato,0,Historical Game Planning,0
34,1,Suzuki,0,Historical Game Planning,0
34,2,Takahashi,0,Historical Game Planning,0
34,3,Tanaka,0,Historical Game Planning,0
34,4,Watanabe,0,Historical Game Planning,1
34,5,Ito,0,Historical Game Planning,1
34,6,Yamamoto,0,Historical Game Planning,0
34,7,Nakamura,1,Crime & Investigation Game Planning,3
34,8,Kobayashi,1,Crime & Investigation Game Planning,3
34,9,Kato,1,Crime & Investigation Game Planning,3
34,10,Yoshida,1,Crime & Investigation Game Planning,2
34,11,Yamada,1,Crime & Investigation Game Planning,2
34,12,Sasaki,1,Crime & Investigation Game Planning,3
34,13,Yamaguchi,1,Crime & Investigation Game Planning,3
35,0,Sato,0,Historical Game Planning,1
35,1,Suzuki,0,Historical Game Planning,1
35,2,Takahashi,0,Historical Game Planning,1
35,3,Tanaka,0,Historical Game Planning,1
35,4,Watanabe,0,Historical Game Planning,3
35,5,Ito,0,Historical Game Planning,3
35,6,Yamamoto,0,Historical Game Planning,1
35,7,Nakamura,1,Crime & Investigation Game Planning,2
35,8,Kobayashi,1,Crime & Investigation Game Planning,0
35,9,Kato,1,Crime & Investigation Game Planning,2
35,10,Yoshida,1,Crime & Investigation Game Planning,2
35,11,Yamada,1,Crime & Investigation Game Planning,0
35,12,Sasaki,1,Crime & Investigation Game Planning,2
35,13,Yamaguchi,1,Crime & Investigation Game Planning,2
36,0,Sato,0,Historical Game Planning,3
36,1,Suzuki,0,Historical Game Planning,3
36,2,Takahashi,0,Historical Game Planning,0
36,3,Tanaka,0,Historical Game Planning,3
36,4,Watanabe,0,Historical Game Planning,2
36,5,Ito,0,Historical Game Planning,2
36,6,Yamamoto,0,Historical Game Planning,0
36,7,Nakamura,1,Crime & Investigation Game Planning,3
36,8,Kobayashi,1,Crime & Investigation Game Planning,1
36,9,Kato,1,Crime & Investigation Game Planning,1
36,10,Yoshida,1,Crime & Investigation Game Planning,1
36,11,Yamada,1,Crime & Investigation Game Planning,1
36,12,Sasaki,1,Crime & Investigation Game Planning,1
36,13,Yamaguchi,1,Crime & Investigation Game Planning,0
37,0,Sato,0,Post-Apocalyptic Game Planning,1
37,1,Suzuki,0,Post-Apocalyptic Game Planning,1
37,2,Takahashi,0,Post-Apocalyptic Game Planning,1
37,3,Tanaka,0,Post-Apocalyptic Game Planning,1
37,4,Watanabe,0,Post-Apocalyptic Game Planning,1
37,5,Ito,0,Post-Apocalyptic Game Planning,1
37,6,Yamamoto,0,Post-Apocalyptic Game Planning,1
37,7,Nakamura,1,Sports Game Planning,3
37,8,Kobayashi,1,Sports Game Planning,3
37,9,Kato,1,Sports Game Planning,0
37,10,Yoshida,1,Sports Game Planning,2
37,11,Yamada,1,Sports Game Planning,2
37,12,Sasaki,1,Sports Game Planning,0
37,13,Yamaguchi,1,Sports Game Planning,3
38,0,Sato,0,Post-Apocalyptic Game Planning,1
38,1,Suzuki,0,Post-Apocalyptic Game Planning,1
38,2,Takahashi,0,Post-Apocalyptic Game Planning,1
38,3,Tanaka,0,Post-Apocalyptic Game Planning,1
38,4,Watanabe,0,Post-Apocalyptic Game Planning,2
38,5,Ito,0,Post-Apocalyptic Game Planning,2
38,6,Yamamoto,0,Post-Apocalyptic Game Planning,1
38,7,Nakamura,1,Sports Game Planning,0
38,8,Kobayashi,1,Sports Game Planning,0
38,9,Kato,1,Sports Game Planning,0
38,10,Yoshida,1,Sports Game Planning,3
38,11,Yamada,1,Sports Game Planning,0
38,12,Sasaki,1,Sports Game Planning,3
38,13,Yamaguchi,1,Sports Game Planning,0
39,0,Sato,0,Post-Apocalyptic Game Planning,0
39,1,Suzuki,0,Post-Apocalyptic Game Planning,0
39,2,Takahashi,0,Post-Apocalyptic Game Planning,0
39,3,Tanaka,0,Post-Apocalyptic Game Planning,0
39,4,Watanabe,0,Post-Apocalyptic Game Planning,1
39,5,Ito,0,Post-Apocalyptic Game Planning,1
39,6,Yamamoto,0,Post-Apocalyptic Game Planning,0
39,7,Nakamura,1,Sports Game Planning,3
39,8,Kobayashi,1,Sports Game Planning,3
39,9,Kato,1,Sports Game Planning,2
39,10,Yoshida,1,Sports Game Planning,3
39,11,Yamada,1,Sports Game Planning,3
39,12,Sasaki,1,Sports Game Planning,2
39,13,Yamaguchi,1,Sports Game Planning,2
40,0,Sato,0,Post-Apocalyptic Game Planning,0
40,1,Suzuki,0,Post-Apocalyptic Game Planning,0
40,2,Takahashi,0,Post-Apocalyptic Game Planning,2
40,3,Tanaka,0,Post-Apocalyptic Game Planning,0
40,4,Watanabe,0,Post-Apocalyptic Game Planning,0
40,5,Ito,0,Post-Apocalyptic Game Planning,2
40,6,Yamamoto,0,Post-Apocalyptic Game Planning,0
40,7,Nakamura,1,Sports Game Planning,3
40,8,Kobayashi,1,Sports Game Planning,3
40,9,Kato,1,Sports Game Planning,1
40,10,Yoshida,1,Sports Game Planning,3
40,11,Yamada,1,Sports Game Planning,3
40,12,Sasaki,1,Sports Game Planning,1
40,13,Yamaguchi,1,Sports Game Planning,3
41,0,Sato,0,Sports Game Planning,0
41,1,Suzuki,0,Sports Game Planning,0
41,2,Takahashi,0,Sports Game Planning,0
41,3,Tanaka,0,Sports Game Planning,2
41,4,Watanabe,0,Sports Game Planning,2
41,5,Ito,0,Sports Game Planning,2
41,6,Yamamoto,0,Sports Game Planning,0
41,7,Nakamura,1,Fantasy Game Planning,3
41,8,Kobayashi,1,Fantasy Game Planning,3
41,9,Kato,1,Fantasy Game Planning,3
41,10,Yoshida,1,Fantasy Game Planning,3
41,11,Yamada,1,Fantasy Game Planning,1
41,12,Sasaki,1,Fantasy Game Planning,1
41,13,Yamaguchi,1,Fantasy Game Planning,3
42,0,Sato,0,Sports Game Planning,0
42,1,Suzuki,0,Sports Game Planning,0
42,2,Takahashi,0,Sports Game Planning,0
42,3,Tanaka,0,Sports Game Planning,0
42,4,Watanabe,0,Sports Game Planning,2
42,5,Ito,0,Sports Game Planning,2
42,6,Yamamoto,0,Sports Game Planning,0
42,7,Nakamura,1,Fantasy Game Planning,3
42,8,Kobayashi,1,Fantasy Game Planning,1
42,9,Kato,1,Fantasy Game Planning,1
42,10,Yoshida,1,Fantasy Game Planning,3
42,11,Yamada,1,Fantasy Game Planning,1
42,12,Sasaki,1,Fantasy Game Planning,1
42,13,Yamaguchi,1,Fantasy Game Planning,1
43,0,Sato,0,Sports Game Planning,0
43,1,Suzuki,0,Sports Game Planning,1
43,2,Takahashi,0,Sports Game Planning,0
43,3,Tanaka,0,Sports Game Planning,0
43,4,Watanabe,0,Sports Game Planning,1
43,5,Ito,0,Sports Game Planning,1
43,6,Yamamoto,0,Sports Game Planning,0
43,7,Nakamura,1,Fantasy Game Planning,2
43,8,Kobayashi,1,Fantasy Game Planning,2
43,9,Kato,1,Fantasy Game Planning,2
43,10,Yoshida,1,Fantasy Game Planning,3
43,11,Yamada,1,Fantasy Game Planning,3
43,12,Sasaki,1,Fantasy Game Planning,3
43,13,Yamaguchi,1,Fantasy Game Planning,2
44,0,Sato,0,Sports Game Planning,0
44,1,Suzuki,0,Sports Game Planning,0
44,2,Takahashi,0,Sports Game Planning,0
44,3,Tanaka,0,Sports Game Planning,0
44,4,Watanabe,0,Sports Game Planning,1
44,5,Ito,0,Sports Game Planning,1
44,6,Yamamoto,0,Sports Game Planning,0
44,7,Nakamura,1,Fantasy Game Planning,3
44,8,Kobayashi,1,Fantasy Game Planning,4
44,9,Kato,1,Fantasy Game Planning,4
44,10,Yoshida,1,Fantasy Game Planning,3
44,11,Yamada,1,Fantasy Game Planning,2
44,12,Sasaki,1,Fantasy Game Planning,2
44,13,Yamaguchi,1,Fantasy Game Planning,2
45,0,Sato,0,Post-Apocalyptic Game Planning,0
45,1,Suzuki,0,Post-Apocalyptic Game Planning,0
45,2,Takahashi,0,Post-Apocalyptic Game Planning,0
45,3,Tanaka,0,Post-Apocalyptic Game Planning,4
45,4,Watanabe,0,Post-Apocalyptic Game Planning,4
45,5,Ito,0,Post-Apocalyptic Game Planning,4
45,6,Yamamoto,0,Post-Apocalyptic Game Planning,0
45,7,Nakamura,1,Horror Game Planning,1
45,8,Kobayashi,1,Horror Game Planning,1
45,9,Kato,1,Horror Game Planning,2
45,10,Yoshida,1,Horror Game Planning,3
45,11,Yamada,1,Horror Game Planning,1
45,12,Sasaki,1,Horror Game Planning,3
45,13,Yamaguchi,1,Horror Game Planning,2
46,0,Sato,0,Post-Apocalyptic Game Planning,0
46,1,Suzuki,0,Post-Apocalyptic Game Planning,0
46,2,Takahashi,0,Post-Apocalyptic Game Planning,0
46,3,Tanaka,0,Post-Apocalyptic Game Planning,1
46,4,Watanabe,0,Post-Apocalyptic Game Planning,1
46,5,Ito,0,Post-Apocalyptic Game Planning,1
46,6,Yamamoto,0,Post-Apocalyptic Game Planning,0
46,7,Nakamura,1,Horror Game Planning,2
46,8,Kobayashi,1,Horror Game Planning,2
46,9,Kato,1,Horror Game Planning,3
46,10,Yoshida,1,Horror Game Planning,2
46,11,Yamada,1,Horror Game Planning,2
46,12,Sasaki,1,Horror Game Planning,2
46,13,Yamaguchi,1,Horror Game Planning,3
47,0,Sato,0,Post-Apocalyptic Game Planning,0
47,1,Suzuki,0,Post-Apocalyptic Game Planning,0
47,2,Takahashi,0,Post-Apocalyptic Game Planning,1
47,3,Tanaka,0,Post-Apocalyptic Game Planning,2
47,4,Watanabe,0,Post-Apocalyptic Game Planning,2
47,5,Ito,0,Post-Apocalyptic Game Planning,1
47,6,Yamamoto,0,Post-Apocalyptic Game Planning,0
47,7,Nakamura,1,Horror Game Planning,3
47,8,Kobayashi,1,Horror Game Planning,3
47,9,Kato,1,Horror Game Planning,3
47,10,Yoshida,1,Horror Game Planning,3
47,11,Yamada,1,Horror Game Planning,3
47,12,Sasaki,1,Horror Game Planning,3
47,13,Yamaguchi,1,Horror Game Planning,3
48,0,Sato,0,Post-Apocalyptic Game Planning,1
48,1,Suzuki,0,Post-Apocalyptic Game Planning,1
48,2,Takahashi,0,Post-Apocalyptic Game Planning,1
48,3,Tanaka,0,Post-Apocalyptic Game Planning,4
48,4,Watanabe,0,Post-Apocalyptic Game Planning,4
48,5,Ito,0,Post-Apocalyptic Game Planning,4
48,6,Yamamoto,0,Post-Apocalyptic Game Planning,4
48,7,Nakamura,1,Horror Game Planning,0
48,8,Kobayashi,1,Horror Game Planning,0
48,9,Kato,1,Horror Game Planning,2
48,10,Yoshida,1,Horror Game Planning,3
48,11,Yamada,1,Horror Game Planning,0
48,12,Sasaki,1,Horror Game Planning,3
48,13,Yamaguchi,1,Horror Game Planning,2
49,0,Sato,0,Post-Apocalyptic Game Planning,1
49,1,Suzuki,0,Post-Apocalyptic Game Planning,1
49,2,Takahashi,0,Post-Apocalyptic Game Planning,1
49,3,Tanaka,0,Post-Apocalyptic Game Planning,1
49,4,Watanabe,0,Post-Apocalyptic Game Planning,1
49,5,Ito,0,Post-Apocalyptic Game Planning,1
49,6,Yamamoto,0,Post-Apocalyptic Game Planning,1
49,7,Nakamura,1,Military / War Game Planning,2
49,8,Kobayashi,1,Military / War Game Planning,2
49,9,Kato,1,Military / War Game Planning,3
49,10,Yoshida,1,Military / War Game Planning,0
49,11,Yamada,1,Military / War Game Planning,0
49,12,Sasaki,1,Military / War Game Planning,0
49,13,Yamaguchi,1,Military / War Game Planning,3
50,0,Sato,0,Post-Apocalyptic Game Planning,0
50,1,Suzuki,0,Post-Apocalyptic Game Planning,1
50,2,Takahashi,0,Post-Apocalyptic Game Planning,0
50,3,Tanaka,0,Post-Apocalyptic Game Planning,3
50,4,Watanabe,0,Post-Apocalyptic Game Planning,1
50,5,Ito,0,Post-Apocalyptic Game Planning,3
50,6,Yamamoto,0,Post-Apocalyptic Game Planning,3
50,7,Nakamura,1,Military / War Game Planning,4
50,8,Kobayashi,1,Military / War Game Planning,4
50,9,Kato,1,Military / War Game Planning,4
50,10,Yoshida,1,Military / War Game Planning,2
50,11,Yamada,1,Military / War Game Planning,2
50,12,Sasaki,1,Military / War Game Planning,2
50,13,Yamaguchi,1,Military / War Game Planning,3
51,0,Sato,0,Post-Apocalyptic Game Planning,0
51,1,Suzuki,0,Post-Apocalyptic Game Planning,0
51,2,Takahashi,0,Post-Apocalyptic Game Planning,0
51,3,Tanaka,0,Post-Apocalyptic Game Planning,1
51,4,Watanabe,0,Post-Apocalyptic Game Planning,1
51,5,Ito,0,Post-Apocalyptic Game Planning,1
51,6,Yamamoto,0,Post-Apocalyptic Game Planning,0
51,7,Nakamura,1,Military / War Game Planning,3
51,8,Kobayashi,1,Military / War Game Planning,3
51,9,Kato,1,Military / War Game Planning,2
51,10,Yoshida,1,Military / War Game Planning,3
51,11,Yamada,1,Military / War Game Planning,3
51,12,Sasaki,1,Military / War Game Planning,2
51,13,Yamaguchi,1,Military / War Game Planning,3
52,0,Sato,0,Post-Apocalyptic Game Planning,0
52,1,Suzuki,0,Post-Apocalyptic Game Planning,0
52,2,Takahashi,0,Post-Apocalyptic Game Planning,1
52,3,Tanaka,0,Post-Apocalyptic Game Planning,1
52,4,Watanabe,0,Post-Apocalyptic Game Planning,1
52,5,Ito,0,Post-Apocalyptic Game Planning,1
52,6,Yamamoto,0,Post-Apocalyptic Game Planning,1
52,7,Nakamura,1,Military / War Game Planning,2
52,8,Kobayashi,1,Military / War Game Planning,2
52,9,Kato,1,Military / War Game Planning,2
52,10,Yoshida,1,Military / War Game Planning,3
52,11,Yamada,1,Military / War Game Planning,3
52,12,Sasaki,1,Military / War Game Planning,3
52,13,Yamaguchi,1,Military / War Game Planning,2
53,0,Sato,0,Military / War Game Planning,0
53,1,Suzuki,0,Military / War Game Planning,1
53,2,Takahashi,0,Military / War Game Planning,0
53,3,Tanaka,0,Military / War Game Planning,3
53,4,Watanabe,0,Military / War Game Planning,1
53,5,Ito,0,Military / War Game Planning,3
53,6,Yamamoto,0,Military / War Game Planning,1
53,7,Nakamura,1,Slice of Life Game Planning,5
53,8,Kobayashi,1,Slice of Life Game Planning,5
53,9,Kato,1,Slice of Life Game Planning,4
53,10,Yoshida,1,Slice of Life Game Planning,2
53,11,Yamada,1,Slice of Life Game Planning,2
53,12,Sasaki,1,Slice of Life Game Planning,4
53,13,Yamaguchi,1,Slice of Life Game Planning,4
54,0,Sato,0,Military / War Game Planning,0
54,1,Suzuki,0,Military / War Game Planning,1
54,2,Takahashi,0,Military / War Game Planning,0
54,3,Tanaka,0,Military / War Game Planning,2
54,4,Watanabe,0,Military / War Game Planning,1
54,5,Ito,0,Military / War Game Planning,2
54,6,Yamamoto,0,Military / War Game Planning,1
54,7,Nakamura,1,Slice of Life Game Planning,3
54,8,Kobayashi,1,Slice of Life Game Planning,3
54,9,Kato,1,Slice of Life Game Planning,4
54,10,Yoshida,1,Slice of Life Game Planning,3
54,11,Yamada,1,Slice of Life Game Planning,3
54,12,Sasaki,1,Slice of Life Game Planning,4
54,13,Yamaguchi,1,Slice of Life Game Planning,3
55,0,Sato,0,Military / War Game Planning,0
55,1,Suzuki,0,Military / War Game Planning,1
55,2,Takahashi,0,Military / War Game Planning,0
55,3,Tanaka,0,Military / War Game Planning,2
55,4,Watanabe,0,Military / War Game Planning,1
55,5,Ito,0,Military / War Game Planning,2
55,6,Yamamoto,0,Military / War Game Planning,0
55,7,Nakamura,1,Slice of Life Game Planning,3
55,8,Kobayashi,1,Slice of Life Game Planning,3
55,9,Kato,1,Slice of Life Game Planning,4
55,10,Yoshida,1,Slice of Life Game Planning,3
55,11,Yamada,1,Slice of Life Game Planning,3
55,12,Sasaki,1,Slice of Life Game Planning,4
55,13,Yamaguchi,1,Slice of Life Game Planning,3
56,0,Sato,0,Military / War Game Planning,0
56,1,Suzuki,0,Military / War Game Planning,1
56,2,Takahashi,0,Military / War Game Planning,0
56,3,Tanaka,0,Military / War Game Planning,2
56,4,Watanabe,0,Military / War Game Planning,1
56,5,Ito,0,Military / War Game Planning,2
56,6,Yamamoto,0,Military / War Game Planning,0
56,7,Nakamura,1,Slice of Life Game Planning,3
56,8,Kobayashi,1,Slice of Life Game Planning,4
56,9,Kato,1,Slice of Life Game Planning,4
56,10,Yoshida,1,Slice of Life Game Planning,3
56,11,Yamada,1,Slice of Life Game Planning,4
56,12,Sasaki,1,Slice of Life Game Planning,4
56,13,Yamaguchi,1,Slice of Life Game Planning,4
57,0,Sato,0,Science Fiction Game Planning,1
57,1,Suzuki,0,Science Fiction Game Planning,1
57,2,Takahashi,0,Science Fiction Game Planning,1
57,3,Tanaka,0,Science Fiction Game Planning,1
57,4,Watanabe,0,Science Fiction Game Planning,2
57,5,Ito,0,Science Fiction Game Planning,2
57,6,Yamamoto,0,Science Fiction Game Planning,2
57,7,Nakamura,1,Sports Game Planning,3
57,8,Kobayashi,1,Sports Game Planning,0
57,9,Kato,1,Sports Game Planning,3
57,10,Yoshida,1,Sports Game Planning,0
57,11,Yamada,1,Sports Game Planning,0
57,12,Sasaki,1,Sports Game Planning,3
57,13,Yamaguchi,1,Sports Game Planning,0
58,0,Sato,0,Science Fiction Game Planning,0
58,1,Suzuki,0,Science Fiction Game Planning,0
58,2,Takahashi,0,Science Fiction Game Planning,1
58,3,Tanaka,0,Science Fiction Game Planning,1
58,4,Watanabe,0,Science Fiction Game Planning,1
58,5,Ito,0,Science Fiction Game Planning,1
58,6,Yamamoto,0,Science Fiction Game Planning,1
58,7,Nakamura,1,Sports Game Planning,3
58,8,Kobayashi,1,Sports Game Planning,3
58,9,Kato,1,Sports Game Planning,3
58,10,Yoshida,1,Sports Game Planning,2
58,11,Yamada,1,Sports Game Planning,2
58,12,Sasaki,1,Sports Game Planning,3
58,13,Yamaguchi,1,Sports Game Planning,3
59,0,Sato,0,Science Fiction Game Planning,0
59,1,Suzuki,0,Science Fiction Game Planning,0
59,2,Takahashi,0,Science Fiction Game Planning,2
59,3,Tanaka,0,Science Fiction Game Planning,2
59,4,Watanabe,0,Science Fiction Game Planning,2
59,5,Ito,0,Science Fiction Game Planning,2
59,6,Yamamoto,0,Science Fiction Game Planning,2
59,7,Nakamura,1,Sports Game Planning,3
59,8,Kobayashi,1,Sports Game Planning,3
59,9,Kato,1,Sports Game Planning,3
59,10,Yoshida,1,Sports Game Planning,1
59,11,Yamada,1,Sports Game Planning,1
59,12,Sasaki,1,Sports Game Planning,1
59,13,Yamaguchi,1,Sports Game Planning,3
60,0,Sato,0,Science Fiction Game Planning,0
60,1,Suzuki,0,Science Fiction Game Planning,0
60,2,Takahashi,0,Science Fiction Game Planning,0
60,3,Tanaka,0,Science Fiction Game Planning,0
60,4,Watanabe,0,Science Fiction Game Planning,0
60,5,Ito,0,Science Fiction Game Planning,0
60,6,Yamamoto,0,Science Fiction Game Planning,0
60,7,Nakamura,1,Sports Game Planning,2
60,8,Kobayashi,1,Sports Game Planning,2
60,9,Kato,1,Sports Game Planning,1
60,10,Yoshida,1,Sports Game Planning,2
60,11,Yamada,1,Sports Game Planning,2
60,12,Sasaki,1,Sports Game Planning,1
60,13,Yamaguchi,1,Sports Game Planning,2
61,0,Sato,0,Historical Game Planning,0
61,1,Suzuki,0,Historical Game Planning,0
61,2,Takahashi,0,Historical Game Planning,3
61,3,Tanaka,0,Historical Game Planning,0
61,4,Watanabe,0,Historical Game Planning,0
61,5,Ito,0,Historical Game Planning,3
61,6,Yamamoto,0,Historical Game Planning,0
61,7,Nakamura,1,Fantasy Game Planning,4
61,8,Kobayashi,1,Fantasy Game Planning,4
61,9,Kato,1,Fantasy Game Planning,2
61,10,Yoshida,1,Fantasy Game Planning,1
61,11,Yamada,1,Fantasy Game Planning,1
61,12,Sasaki,1,Fantasy Game Planning,2
61,13,Yamaguchi,1,Fantasy Game Planning,4
62,0,Sato,0,Historical Game Planning,0
62,1,Suzuki,0,Historical Game Planning,0
62,2,Takahashi,0,Historical Game Planning,0
62,3,Tanaka,0,Historical Game Planning,4
62,4,Watanabe,0,Historical Game Planning,4
62,5,Ito,0,Historical Game Planning,4
62,6,Yamamoto,0,Historical Game Planning,0
62,7,Nakamura,1,Fantasy Game Planning,1
62,8,Kobayashi,1,Fantasy Game Planning,1
62,9,Kato,1,Fantasy Game Planning,2
62,10,Yoshida,1,Fantasy Game Planning,3
62,11,Yamada,1,Fantasy Game Planning,3
62,12,Sasaki,1,Fantasy Game Planning,2
62,13,Yamaguchi,1,Fantasy Game Planning,1
63,0,Sato,0,Historical Game Planning,2
63,1,Suzuki,0,Historical Game Planning,1
63,2,Takahashi,0,Historical Game Planning,2
63,3,Tanaka,0,Historical Game Planning,2
63,4,Watanabe,0,Historical Game Planning,1
63,5,Ito,0,Historical Game Planning,2
63,6,Yamamoto,0,Historical Game Planning,2
63,7,Nakamura,1,Fantasy Game Planning,3
63,8,Kobayashi,1,Fantasy Game Planning,3
63,9,Kato,1,Fantasy Game Planning,4
63,10,Yoshida,1,Fantasy Game Planning,0
63,11,Yamada,1,Fantasy Game Planning,0
63,12,Sasaki,1,Fantasy Game Planning,4
63,13,Yamaguchi,1,Fantasy Game Planning,4
64,0,Sato,0,Historical Game Planning,0
64,1,Suzuki,0,Historical Game Planning,1
64,2,Takahashi,0,Historical Game Planning,0
64,3,Tanaka,0,Historical Game Planning,0
64,4,Watanabe,0,Historical Game Planning,1
64,5,Ito,0,Historical Game Planning,0
64,6,Yamamoto,0,Historical Game Planning,1
64,7,Nakamura,1,Fantasy Game Planning,3
64,8,Kobayashi,1,Fantasy Game Planning,3
64,9,Kato,1,Fantasy Game Planning,3
64,10,Yoshida,1,Fantasy Game Planning,2
64,11,Yamada,1,Fantasy Game Planning,2
64,12,Sasaki,1,Fantasy Game Planning,2
64,13,Yamaguchi,1,Fantasy Game Planning,3
65,0,Sato,0,Crime & Investigation Game Planning,0
65,1,Suzuki,0,Crime & Investigation Game Planning,0
65,2,Takahashi,0,Crime & Investigation Game Planning,0
65,3,Tanaka,0,Crime & Investigation Game Planning,1
65,4,Watanabe,0,Crime & Investigation Game Planning,0
65,5,Ito,0,Crime & Investigation Game Planning,1
65,6,Yamamoto,0,Crime & Investigation Game Planning,0
65,7,Nakamura,1,Post-Apocalyptic Game Planning,2
65,8,Kobayashi,1,Post-Apocalyptic Game Planning,2
65,9,Kato,1,Post-Apocalyptic Game Planning,2
65,10,Yoshida,1,Post-Apocalyptic Game Planning,3
65,11,Yamada,1,Post-Apocalyptic Game Planning,3
65,12,Sasaki,1,Post-Apocalyptic Game Planning,2
65,13,Yamaguchi,1,Post-Apocalyptic Game Planning,2
66,0,Sato,0,Crime & Investigation Game Planning,0
66,1,Suzuki,0,Crime & Investigation Game Planning,2
66,2,Takahashi,0,Crime & Investigation Game Planning,2
66,3,Tanaka,0,Crime & Investigation Game Planning,0
66,4,Watanabe,0,Crime & Investigation Game Planning,2
66,5,Ito,0,Crime & Investigation Game Planning,0
66,6,Yamamoto,0,Crime & Investigation Game Planning,2
66,7,Nakamura,1,Post-Apocalyptic Game Planning,1
66,8,Kobayashi,1,Post-Apocalyptic Game Planning,1
66,9,Kato,1,Post-Apocalyptic Game Planning,1
66,10,Yoshida,1,Post-Apocalyptic Game Planning,3
66,11,Yamada,1,Post-Apocalyptic Game Planning,3
66,12,Sasaki,1,Post-Apocalyptic Game Planning,3
66,13,Yamaguchi,1,Post-Apocalyptic Game Planning,1
67,0,Sato,0,Crime & Investigation Game Planning,0
67,1,Suzuki,0,Crime & Investigation Game Planning,3
67,2,Takahashi,0,Crime & Investigation Game Planning,2
67,3,Tanaka,0,Crime & Investigation Game Planning,3
67,4,Watanabe,0,Crime & Investigation Game Planning,3
67,5,Ito,0,Crime & Investigation Game Planning,2
67,6,Yamamoto,0,Crime & Investigation Game Planning,3
67,7,Nakamura,1,Post-Apocalyptic Game Planning,0
67,8,Kobayashi,1,Post-Apocalyptic Game Planning,1
67,9,Kato,1,Post-Apocalyptic Game Planning,1
67,10,Yoshida,1,Post-Apocalyptic Game Planning,4
67,11,Yamada,1,Post-Apocalyptic Game Planning,4
67,12,Sasaki,1,Post-Apocalyptic Game Planning,4
67,13,Yamaguchi,1,Post-Apocalyptic Game Planning,4
68,0,Sato,0,Crime & Investigation Game Planning,3
68,1,Suzuki,0,Crime & Investigation Game Planning,1
68,2,Takahashi,0,Crime & Investigation Game Planning,3
68,3,Tanaka,0,Crime & Investigation Game Planning,3
68,4,Watanabe,0,Crime & Investigation Game Planning,1
68,5,Ito,0,Crime & Investigation Game Planning,3
68,6,Yamamoto,0,Crime & Investigation Game Planning,3
68,7,Nakamura,1,Post-Apocalyptic Game Planning,0
68,8,Kobayashi,1,Post-Apocalyptic Game Planning,0
68,9,Kato,1,Post-Apocalyptic Game Planning,0
68,10,Yoshida,1,Post-Apocalyptic Game Planning,2
68,11,Yamada,1,Post-Apocalyptic Game Planning,2
68,12,Sasaki,1,Post-Apocalyptic Game Planning,2
68,13,Yamaguchi,1,Post-Apocalyptic Game Planning,0
69,0,Sato,0,Horror Game Planning,0
69,1,Suzuki,0,Horror Game Planning,1
69,2,Takahashi,0,Horror Game Planning,0
69,3,Tanaka,0,Horror Game Planning,1
69,4,Watanabe,0,Horror Game Planning,1
69,5,Ito,0,Horror Game Planning,1
69,6,Yamamoto,0,Horror Game Planning,1
69,7,Nakamura,1,Superhero Game Planning,2
69,8,Kobayashi,1,Superhero Game Planning,2
69,9,Kato,1,Superhero Game Planning,2
69,10,Yoshida,1,Superhero Game Planning,2
69,11,Yamada,1,Superhero Game Planning,2
69,12,Sasaki,1,Superhero Game Planning,2
69,13,Yamaguchi,1,Superhero Game Planning,2
70,0,Sato,0,Horror Game Planning,0
70,1,Suzuki,0,Horror Game Planning,0
70,2,Takahashi,0,Horror Game Planning,0
70,3,Tanaka,0,Horror Game Planning,1
70,4,Watanabe,0,Horror Game Planning,0
70,5,Ito,0,Horror Game Planning,1
70,6,Yamamoto,0,Horror Game Planning,0
70,7,Nakamura,1,Superhero Game Planning,3
70,8,Kobayashi,1,Superhero Game Planning,3
70,9,Kato,1,Superhero Game Planning,2
70,10,Yoshida,1,Superhero Game Planning,3
70,11,Yamada,1,Superhero Game Planning,3
70,12,Sasaki,1,Superhero Game Planning,2
70,13,Yamaguchi,1,Superhero Game Planning,3
71,0,Sato,0,Horror Game Planning,2
71,1,Suzuki,0,Horror Game Planning,2
71,2,Takahashi,0,Horror Game Planning,2
71,3,Tanaka,0,Horror Game Planning,1
71,4,Watanabe,0,Horror Game Planning,1
71,5,Ito,0,Horror Game Planning,1
71,6,Yamamoto,0,Horror Game Planning,2
71,7,Nakamura,1,Superhero Game Planning,3
71,8,Kobayashi,1,Superhero Game Planning,0
71,9,Kato,1,Superhero Game Planning,0
71,10,Yoshida,1,Superhero Game Planning,3
71,11,Yamada,1,Superhero Game Planning,3
71,12,Sasaki,1,Superhero Game Planning,0
71,13,Yamaguchi,1,Superhero Game Planning,0
72,0,Sato,0,Horror Game Planning,0
72,1,Suzuki,0,Horror Game Planning,0
72,2,Takahashi,0,Horror Game Planning,0
72,3,Tanaka,0,Horror Game Planning,1
72,4,Watanabe,0,Horror Game Planning,1
72,5,Ito,0,Horror Game Planning,1
72,6,Yamamoto,0,Horror Game Planning,0
72,7,Nakamura,1,Superhero Game Planning,2
72,8,Kobayashi,1,Superhero Game Planning,2
72,9,Kato,1,Superhero Game Planning,3
72,10,Yoshida,1,Superhero Game Planning,2
72,11,Yamada,1,Superhero Game Planning,2
72,12,Sasaki,1,Superhero Game Planning,3
72,13,Yamaguchi,1,Superhero Game Planning,2
73,0,Sato,0,Modern Setting Game Planning,0
73,1,Suzuki,0,Modern Setting Game Planning,1
73,2,Takahashi,0,Modern Setting Game Planning,1
73,3,Tanaka,0,Modern Setting Game Planning,0
73,4,Watanabe,0,Modern Setting Game Planning,0
73,5,Ito,0,Modern Setting Game Planning,0
73,6,Yamamoto,0,Modern Setting Game Planning,0
73,7,Nakamura,1,Science Fiction Game Planning,2
73,8,Kobayashi,1,Science Fiction Game Planning,2
73,9,Kato,1,Science Fiction Game Planning,2
73,10,Yoshida,1,Science Fiction Game Planning,3
73,11,Yamada,1,Science Fiction Game Planning,3
73,12,Sasaki,1,Science Fiction Game Planning,2
73,13,Yamaguchi,1,Science Fiction Game Planning,2
74,0,Sato,0,Modern Setting Game Planning,1
74,1,Suzuki,0,Modern Setting Game Planning,1
74,2,Takahashi,0,Modern Setting Game Planning,1
74,3,Tanaka,0,Modern Setting Game Planning,1
74,4,Watanabe,0,Modern Setting Game Planning,2
74,5,Ito,0,Modern Setting Game Planning,2
74,6,Yamamoto,0,Modern Setting Game Planning,1
74,7,Nakamura,1,Science Fiction Game Planning,0
74,8,Kobayashi,1,Science Fiction Game Planning,0
74,9,Kato,1,Science Fiction Game Planning,0
74,10,Yoshida,1,Science Fiction Game Planning,3
74,11,Yamada,1,Science Fiction Game Planning,3
74,12,Sasaki,1,Science Fiction Game Planning,0
74,13,Yamaguchi,1,Science Fiction Game Planning,0
75,0,Sato,0,Modern Setting Game Planning,0
75,1,Suzuki,0,Modern Setting Game Planning,2
75,2,Takahashi,0,Modern Setting Game Planning,0
75,3,Tanaka,0,Modern Setting Game Planning,0
75,4,Watanabe,0,Modern Setting Game Planning,2
75,5,Ito,0,Modern Setting Game Planning,2
75,6,Yamamoto,0,Modern Setting Game Planning,0
75,7,Nakamura,1,Science Fiction Game Planning,3
75,8,Kobayashi,1,Science Fiction Game Planning,3
75,9,Kato,1,Science Fiction Game Planning,3
75,10,Yoshida,1,Science Fiction Game Planning,1
75,11,Yamada,1,Science Fiction Game Planning,1
75,12,Sasaki,1,Science Fiction Game Planning,1
75,13,Yamaguchi,1,Science Fiction Game Planning,3
76,0,Sato,0,Modern Setting Game Planning,0
76,1,Suzuki,0,Modern Setting Game Planning,2
76,2,Takahashi,0,Modern Setting Game Planning,2
76,3,Tanaka,0,Modern Setting Game Planning,4
76,4,Watanabe,0,Modern Setting Game Planning,4
76,5,Ito,0,Modern Setting Game Planning,4
76,6,Yamamoto,0,Modern Setting Game Planning,0
76,7,Nakamura,1,Science Fiction Game Planning,1
76,8,Kobayashi,1,Science Fiction Game Planning,1
76,9,Kato,1,Science Fiction Game Planning,3
76,10,Yoshida,1,Science Fiction Game Planning,1
76,11,Yamada,1,Science Fiction Game Planning,1
76,12,Sasaki,1,Science Fiction Game Planning,3
76,13,Yamaguchi,1,Science Fiction Game Planning,1
77,0,Sato,0,Slice of Life Game Planning,0
77,1,Suzuki,0,Slice of Life Game Planning,1
77,2,Takahashi,0,Slice of Life Game Planning,0
77,3,Tanaka,0,Slice of Life Game Planning,1
77,4,Watanabe,0,Slice of Life Game Planning,1
77,5,Ito,0,Slice of Life Game Planning,1
77,6,Yamamoto,0,Slice of Life Game Planning,1
77,7,Nakamura,1,Fantasy Game Planning,2
77,8,Kobayashi,1,Fantasy Game Planning,2
77,9,Kato,1,Fantasy Game Planning,2
77,10,Yoshida,1,Fantasy Game Planning,3
77,11,Yamada,1,Fantasy Game Planning,3
77,12,Sasaki,1,Fantasy Game Planning,2
77,13,Yamaguchi,1,Fantasy Game Planning,2
78,0,Sato,0,Slice of Life Game Planning,1
78,1,Suzuki,0,Slice of Life Game Planning,1
78,2,Takahashi,0,Slice of Life Game Planning,1
78,3,Tanaka,0,Slice of Life Game Planning,3
78,4,Watanabe,0,Slice of Life Game Planning,3
78,5,Ito,0,Slice of Life Game Planning,3
78,6,Yamamoto,0,Slice of Life Game Planning,1
78,7,Nakamura,1,Fantasy Game Planning,0
78,8,Kobayashi,1,Fantasy Game Planning,2
78,9,Kato,1,Fantasy Game Planning,0
78,10,Yoshida,1,Fantasy Game Planning,2
78,11,Yamada,1,Fantasy Game Planning,2
78,12,Sasaki,1,Fantasy Game Planning,2
78,13,Yamaguchi,1,Fantasy Game Planning,0
79,0,Sato,0,Slice of Life Game Planning,1
79,1,Suzuki,0,Slice of Life Game Planning,1
79,2,Takahashi,0,Slice of Life Game Planning,1
79,3,Tanaka,0,Slice of Life Game Planning,2
79,4,Watanabe,0,Slice of Life Game Planning,2
79,5,Ito,0,Slice of Life Game Planning,1
79,6,Yamamoto,0,Slice of Life Game Planning,1
79,7,Nakamura,1,Fantasy Game Planning,3
79,8,Kobayashi,1,Fantasy Game Planning,0
79,9,Kato,1,Fantasy Game Planning,0
79,10,Yoshida,1,Fantasy Game Planning,3
79,11,Yamada,1,Fantasy Game Planning,0
79,12,Sasaki,1,Fantasy Game Planning,0
79,13,Yamaguchi,1,Fantasy Game Planning,0
80,0,Sato,0,Slice of Life Game Planning,2
80,1,Suzuki,0,Slice of Life Game Planning,2
80,2,Takahashi,0,Slice of Life Game Planning,2
80,3,Tanaka,0,Slice of Life Game Planning,3
80,4,Watanabe,0,Slice of Life Game Planning,3
80,5,Ito,0,Slice of Life Game Planning,3
80,6,Yamamoto,0,Slice of Life Game Planning,3
80,7,Nakamura,1,Fantasy Game Planning,0
80,8,Kobayashi,1,Fantasy Game Planning,0
80,9,Kato,1,Fantasy Game Planning,0
80,10,Yoshida,1,Fantasy Game Planning,1
80,11,Yamada,1,Fantasy Game Planning,1
80,12,Sasaki,1,Fantasy Game Planning,0
80,13,Yamaguchi,1,Fantasy Game Planning,0
81,0,Sato,0,Slice of Life Game Planning,1
81,1,Suzuki,0,Slice of Life Game Planning,1
81,2,Takahashi,0,Slice of Life Game Planning,1
81,3,Tanaka,0,Slice of Life Game Planning,2
81,4,Watanabe,0,Slice of Life Game Planning,1
81,5,Ito,0,Slice of Life Game Planning,2
81,6,Yamamoto,0,Slice of Life Game Planning,1
81,7,Nakamura,1,Modern Setting Game Planning,3
81,8,Kobayashi,1,Modern Setting Game Planning,3
81,9,Kato,1,Modern Setting Game Planning,3
81,10,Yoshida,1,Modern Setting Game Planning,0
81,11,Yamada,1,Modern Setting Game Planning,0
81,12,Sasaki,1,Modern Setting Game Planning,0
81,13,Yamaguchi,1,Modern Setting Game Planning,0
82,0,Sato,0,Slice of Life Game Planning,0
82,1,Suzuki,0,Slice of Life Game Planning,0
82,2,Takahashi,0,Slice of Life Game Planning,2
82,3,Tanaka,0,Slice of Life Game Planning,2
82,4,Watanabe,0,Slice of Life Game Planning,2
82,5,Ito,0,Slice of Life Game Planning,2
82,6,Yamamoto,0,Slice of Life Game Planning,2
82,7,Nakamura,1,Modern Setting Game Planning,3
82,8,Kobayashi,1,Modern Setting Game Planning,3
82,9,Kato,1,Modern Setting Game Planning,1
82,10,Yoshida,1,Modern Setting Game Planning,1
82,11,Yamada,1,Modern Setting Game Planning,1
82,12,Sasaki,1,Modern Setting Game Planning,1
82,13,Yamaguchi,1,Modern Setting Game Planning,3
83,0,Sato,0,Slice of Life Game Planning,0
83,1,Suzuki,0,Slice of Life Game Planning,0
83,2,Takahashi,0,Slice of Life Game Planning,0
83,3,Tanaka,0,Slice of Life Game Planning,1
83,4,Watanabe,0,Slice of Life Game Planning,0
83,5,Ito,0,Slice of Life Game Planning,1
83,6,Yamamoto,0,Slice of Life Game Planning,0
83,7,Nakamura,1,Modern Setting Game Planning,3
83,8,Kobayashi,1,Modern Setting Game Planning,3
83,9,Kato,1,Modern Setting Game Planning,3
83,10,Yoshida,1,Modern Setting Game Planning,2
83,11,Yamada,1,Modern Setting Game Planning,2
83,12,Sasaki,1,Modern Setting Game Planning,2
83,13,Yamaguchi,1,Modern Setting Game Planning,3
84,0,Sato,0,Slice of Life Game Planning,0
84,1,Suzuki,0,Slice of Life Game Planning,0
84,2,Takahashi,0,Slice of Life Game Planning,1
84,3,Tanaka,0,Slice of Life Game Planning,1
84,4,Watanabe,0,Slice of Life Game Planning,1
84,5,Ito,0,Slice of Life Game Planning,1
84,6,Yamamoto,0,Slice of Life Game Planning,1
84,7,Nakamura,1,Modern Setting Game Planning,2
84,8,Kobayashi,1,Modern Setting Game Planning,2
84,9,Kato,1,Modern Setting Game Planning,2
84,10,Yoshida,1,Modern Setting Game Planning,3
84,11,Yamada,1,Modern Setting Game Planning,3
84,12,Sasaki,1,Modern Setting Game Planning,2
84,13,Yamaguchi,1,Modern Setting Game Planning,2
85,0,Sato,0,Modern Setting Game Planning,1
85,1,Suzuki,0,Modern Setting Game Planning,1
85,2,Takahashi,0,Modern Setting Game Planning,1
85,3,Tanaka,0,Modern Setting Game Planning,1
85,4,Watanabe,0,Modern Setting Game Planning,1
85,5,Ito,0,Modern Setting Game Planning,1
85,6,Yamamoto,0,Modern Setting Game Planning,1
85,7,Nakamura,1,Superhero Game Planning,0
85,8,Kobayashi,1,Superhero Game Planning,2
85,9,Kato,1,Superhero Game Planning,2
85,10,Yoshida,1,Superhero Game Planning,0
85,11,Yamada,1,Superhero Game Planning,0
85,12,Sasaki,1,Superhero Game Planning,2
85,13,Yamaguchi,1,Superhero Game Planning,2
86,0,Sato,0,Modern Setting Game Planning,0
86,1,Suzuki,0,Modern Setting Game Planning,0
86,2,Takahashi,0,Modern Setting Game Planning,0
86,3,Tanaka,0,Modern Setting Game Planning,1
86,4,Watanabe,0,Modern Setting Game Planning,0
86,5,Ito,0,Modern Setting Game Planning,1
86,6,Yamamoto,0,Modern Setting Game Planning,0
86,7,Nakamura,1,Superhero Game Planning,2
86,8,Kobayashi,1,Superhero Game Planning,2
86,9,Kato,1,Superhero Game Planning,2
86,10,Yoshida,1,Superhero Game Planning,2
86,11,Yamada,1,Superhero Game Planning,2
86,12,Sasaki,1,Superhero Game Planning,2
86,13,Yamaguchi,1,Superhero Game Planning,2
87,0,Sato,0,Modern Setting Game Planning,0
87,1,Suzuki,0,Modern Setting Game Planning,1
87,2,Takahashi,0,Modern Setting Game Planning,1
87,3,Tanaka,0,Modern Setting Game Planning,0
87,4,Watanabe,0,Modern Setting Game Planning,1
87,5,Ito,0,Modern Setting Game Planning,0
87,6,Yamamoto,0,Modern Setting Game Planning,0
87,7,Nakamura,1,Superhero Game Planning,2
87,8,Kobayashi,1,Superhero Game Planning,2
87,9,Kato,1,Superhero Game Planning,2
87,10,Yoshida,1,Superhero Game Planning,3
87,11,Yamada,1,Superhero Game Planning,3
87,12,Sasaki,1,Superhero Game Planning,2
87,13,Yamaguchi,1,Superhero Game Planning,2
88,0,Sato,0,Modern Setting Game Planning,2
88,1,Suzuki,0,Modern Setting Game Planning,4
88,2,Takahashi,0,Modern Setting Game Planning,2
88,3,Tanaka,0,Modern Setting Game Planning,3
88,4,Watanabe,0,Modern Setting Game Planning,4
88,5,Ito,0,Modern Setting Game Planning,3
88,6,Yamamoto,0,Modern Setting Game Planning,2
88,7,Nakamura,1,Superhero Game Planning,2
88,8,Kobayashi,1,Superhero Game Planning,0
88,9,Kato,1,Superhero Game Planning,0
88,10,Yoshida,1,Superhero Game Planning,1
88,11,Yamada,1,Superhero Game Planning,1
88,12,Sasaki,1,Superhero Game Planning,0
88,13,Yamaguchi,1,Superhero Game Planning,0
89,0,Sato,0,Modern Setting Game Planning,0
89,1,Suzuki,0,Modern Setting Game Planning,1
89,2,Takahashi,0,Modern Setting Game Planning,0
89,3,Tanaka,0,Modern Setting Game Planning,5
89,4,Watanabe,0,Modern Setting Game Planning,1
89,5,Ito,0,Modern Setting Game Planning,5
89,6,Yamamoto,0,Modern Setting Game Planning,0
89,7,Nakamura,1,Historical Game Planning,3
89,8,Kobayashi,1,Historical Game Planning,4
89,9,Kato,1,Historical Game Planning,2
89,10,Yoshida,1,Historical Game Planning,3
89,11,Yamada,1,Historical Game Planning,4
89,12,Sasaki,1,Historical Game Planning,2
89,13,Yamaguchi,1,Historical Game Planning,2
90,0,Sato,0,Modern Setting Game Planning,1
90,1,Suzuki,0,Modern Setting Game Planning,1
90,2,Takahashi,0,Modern Setting Game Planning,1
90,3,Tanaka,0,Modern Setting Game Planning,1
90,4,Watanabe,0,Modern Setting Game Planning,1
90,5,Ito,0,Modern Setting Game Planning,1
90,6,Yamamoto,0,Modern Setting Game Planning,1
90,7,Nakamura,1,Historical Game Planning,2
90,8,Kobayashi,1,Historical Game Planning,3
90,9,Kato,1,Historical Game Planning,0
90,10,Yoshida,1,Historical Game Planning,2
90,11,Yamada,1,Historical Game Planning,3
90,12,Sasaki,1,Historical Game Planning,0
90,13,Yamaguchi,1,Historical Game Planning,0
91,0,Sato,0,Modern Setting Game Planning,0
91,1,Suzuki,0,Modern Setting Game Planning,0
91,2,Takahashi,0,Modern Setting Game Planning,0
91,3,Tanaka,0,Modern Setting Game Planning,0
91,4,Watanabe,0,Modern Setting Game Planning,0
91,5,Ito,0,Modern Setting Game Planning,0
91,6,Yamamoto,0,Modern Setting Game Planning,0
91,7,Nakamura,1,Historical Game Planning,2
91,8,Kobayashi,1,Historical Game Planning,3
91,9,Kato,1,Historical Game Planning,1
91,10,Yoshida,1,Historical Game Planning,2
91,11,Yamada,1,Historical Game Planning,3
91,12,Sasaki,1,Historical Game Planning,1
91,13,Yamaguchi,1,Historical Game Planning,3
92,0,Sato,0,Modern Setting Game Planning,0
92,1,Suzuki,0,Modern Setting Game Planning,0
92,2,Takahashi,0,Modern Setting Game Planning,0
92,3,Tanaka,0,Modern Setting Game Planning,1
92,4,Watanabe,0,Modern Setting Game Planning,0
92,5,Ito,0,Modern Setting Game Planning,1
92,6,Yamamoto,0,Modern Setting Game Planning,0
92,7,Nakamura,1,Historical Game Planning,2
92,8,Kobayashi,1,Historical Game Planning,3
92,9,Kato,1,Historical Game Planning,3
92,10,Yoshida,1,Historical Game Planning,2
92,11,Yamada,1,Historical Game Planning,3
92,12,Sasaki,1,Historical Game Planning,3
92,13,Yamaguchi,1,Historical Game Planning,2
93,0,Sato,0,Military / War Game Planning,2
93,1,Suzuki,0,Military / War Game Planning,1
93,2,Takahashi,0,Military / War Game Planning,1
93,3,Tanaka,0,Military / War Game Planning,2
93,4,Watanabe,0,Military / War Game Planning,2
93,5,Ito,0,Military / War Game Planning,2
93,6,Yamamoto,0,Military / War Game Planning,2
93,7,Nakamura,1,Science Fiction Game Planning,3
93,8,Kobayashi,1,Science Fiction Game Planning,0
93,9,Kato,1,Science Fiction Game Planning,0
93,10,Yoshida,1,Science Fiction Game Planning,3
93,11,Yamada,1,Science Fiction Game Planning,0
93,12,Sasaki,1,Science Fiction Game Planning,0
93,13,Yamaguchi,1,Science Fiction Game Planning,3
94,0,Sato,0,Military / War Game Planning,0
94,1,Suzuki,0,Military / War Game Planning,0
94,2,Takahashi,0,Military / War Game Planning,0
94,3,Tanaka,0,Military / War Game Planning,1
94,4,Watanabe,0,Military / War Game Planning,1
94,5,Ito,0,Military / War Game Planning,1
94,6,Yamamoto,0,Military / War Game Planning,0
94,7,Nakamura,1,Science Fiction Game Planning,2
94,8,Kobayashi,1,Science Fiction Game Planning,2
94,9,Kato,1,Science Fiction Game Planning,3
94,10,Yoshida,1,Science Fiction Game Planning,2
94,11,Yamada,1,Science Fiction Game Planning,2
94,12,Sasaki,1,Science Fiction Game Planning,3
94,13,Yamaguchi,1,Science Fiction Game Planning,2
95,0,Sato,0,Military / War Game Planning,0
95,1,Suzuki,0,Military / War Game Planning,0
95,2,Takahashi,0,Military / War Game Planning,0
95,3,Tanaka,0,Military / War Game Planning,0
95,4,Watanabe,0,Military / War Game Planning,0
95,5,Ito,0,Military / War Game Planning,0
95,6,Yamamoto,0,Military / War Game Planning,0
95,7,Nakamura,1,Science Fiction Game Planning,2
95,8,Kobayashi,1,Science Fiction Game Planning,2
95,9,Kato,1,Science Fiction Game Planning,2
95,10,Yoshida,1,Science Fiction Game Planning,1
95,11,Yamada,1,Science Fiction Game Planning,1
95,12,Sasaki,1,Science Fiction Game Planning,1
95,13,Yamaguchi,1,Science Fiction Game Planning,2
96,0,Sato,0,Military / War Game Planning,3
96,1,Suzuki,0,Military / War Game Planning,1
96,2,Takahashi,0,Military / War Game Planning,5
96,3,Tanaka,0,Military / War Game Planning,3
96,4,Watanabe,0,Military / War Game Planning,1
96,5,Ito,0,Military / War Game Planning,5
96,6,Yamamoto,0,Military / War Game Planning,5
96,7,Nakamura,1,Science Fiction Game Planning,2
96,8,Kobayashi,1,Science Fiction Game Planning,0
96,9,Kato,1,Science Fiction Game Planning,2
96,10,Yoshida,1,Science Fiction Game Planning,0
96,11,Yamada,1,Science Fiction Game Planning,4
96,12,Sasaki,1,Science Fiction Game Planning,4
96,13,Yamaguchi,1,Science Fiction Game Planning,0
97,0,Sato,0,Superhero Game Planning,0
97,1,Suzuki,0,Superhero Game Planning,2
97,2,Takahashi,0,Superhero Game Planning,2
97,3,Tanaka,0,Superhero Game Planning,0
97,4,Watanabe,0,Superhero Game Planning,2
97,5,Ito,0,Superhero Game Planning,2
97,6,Yamamoto,0,Superhero Game Planning,0
97,7,Nakamura,1,Sports Game Planning,3
97,8,Kobayashi,1,Sports Game Planning,1
97,9,Kato,1,Sports Game Planning,1
97,10,Yoshida,1,Sports Game Planning,3
97,11,Yamada,1,Sports Game Planning,1
97,12,Sasaki,1,Sports Game Planning,1
97,13,Yamaguchi,1,Sports Game Planning,1
98,0,Sato,0,Superhero Game Planning,0
98,1,Suzuki,0,Superhero Game Planning,1
98,2,Takahashi,0,Superhero Game Planning,1
98,3,Tanaka,0,Superhero Game Planning,0
98,4,Watanabe,0,Superhero Game Planning,2
98,5,Ito,0,Superhero Game Planning,2
98,6,Yamamoto,0,Superhero Game Planning,1
98,7,Nakamura,1,Sports Game Planning,3
98,8,Kobayashi,1,Sports Game Planning,3
98,9,Kato,1,Sports Game Planning,3
98,10,Yoshida,1,Sports Game Planning,3
98,11,Yamada,1,Sports Game Planning,3
98,12,Sasaki,1,Sports Game Planning,3
98,13,Yamaguchi,1,Sports Game Planning,1
99,0,Sato,0,Superhero Game Planning,0
99,1,Suzuki,0,Superhero Game Planning,2
99,2,Takahashi,0,Superhero Game Planning,2
99,3,Tanaka,0,Superhero Game Planning,0
99,4,Watanabe,0,Superhero Game Planning,2
99,5,Ito,0,Superhero Game Planning,2
99,6,Yamamoto,0,Superhero Game Planning,2
99,7,Nakamura,1,Sports Game Planning,3
99,8,Kobayashi,1,Sports Game Planning,3
99,9,Kato,1,Sports Game Planning,1
99,10,Yoshida,1,Sports Game Planning,3
99,11,Yamada,1,Sports Game Planning,3
99,12,Sasaki,1,Sports Game Planning,1
99,13,Yamaguchi,1,Sports Game Planning,3
100,0,Sato,0,Superhero Game Planning,0
100,1,Suzuki,0,Superhero Game Planning,0
100,2,Takahashi,0,Superhero Game Planning,0
100,3,Tanaka,0,Superhero Game Planning,2
100,4,Watanabe,0,Superhero Game Planning,2
100,5,Ito,0,Superhero Game Planning,2
100,6,Yamamoto,0,Superhero Game Planning,0
100,7,Nakamura,1,Sports Game Planning,3
100,8,Kobayashi,1,Sports Game Planning,4
100,9,Kato,1,Sports Game Planning,4
100,10,Yoshida,1,Sports Game Planning,3
100,11,Yamada,1,Sports Game Planning,1
100,12,Sasaki,1,Sports Game Planning,1
100,13,Yamaguchi,1,Sports Game Planning,3
